subject,block,method,true_label,pred_label,true_freq,pred_freq,correct
1,0,CCA,0,0,8.0,8.0,1
1,0,CCA,1,26,9.0,10.6,0
1,0,CCA,2,2,10.0,10.0,1
1,0,CCA,3,10,11.0,10.2,0
1,0,CCA,4,18,12.0,10.4,0
1,0,CCA,5,20,13.0,12.4,0
1,0,CCA,6,37,14.0,13.8,0
1,0,CCA,7,27,15.0,11.6,0
1,0,CCA,8,0,8.2,8.0,0
1,0,CCA,9,17,9.2,9.4,0
1,0,CCA,10,18,10.2,10.4,0
1,0,CCA,11,19,11.2,11.4,0
1,0,CCA,12,19,12.2,11.4,0
1,0,CCA,13,34,13.2,10.8,0
1,0,CCA,14,14,14.2,14.2,1
1,0,CCA,15,0,15.2,8.0,0
1,0,CCA,16,24,8.4,8.6,0
1,0,CCA,17,17,9.4,9.4,1
1,0,CCA,18,33,10.4,9.8,0
1,0,CCA,19,2,11.4,10.0,0
1,0,CCA,20,8,12.4,8.2,0
1,0,CCA,21,0,13.4,8.0,0
1,0,CCA,22,3,14.4,11.0,0
1,0,CCA,23,14,15.4,14.2,0
1,0,CCA,24,27,8.6,11.6,0
1,0,CCA,25,2,9.6,10.0,0
1,0,CCA,26,34,10.6,10.8,0
1,0,CCA,27,19,11.6,11.4,0
1,0,CCA,28,28,12.6,12.6,1
1,0,CCA,29,9,13.6,9.2,0
1,0,CCA,30,22,14.6,14.4,0
1,0,CCA,31,18,15.6,10.4,0
1,0,CCA,32,32,8.8,8.8,1
1,0,CCA,33,9,9.8,9.2,0
1,0,CCA,34,32,10.8,8.8,0
1,0,CCA,35,19,11.8,11.4,0
1,0,CCA,36,36,12.8,12.8,1
1,0,CCA,37,0,13.8,8.0,0
1,0,CCA,38,5,14.8,13.0,0
1,0,CCA,39,23,15.8,15.4,0
1,0,FBCCA,0,39,8.0,15.8,0
1,0,FBCCA,1,32,9.0,8.8,0
1,0,FBCCA,2,2,10.0,10.0,1
1,0,FBCCA,3,26,11.0,10.6,0
1,0,FBCCA,4,4,12.0,12.0,1
1,0,FBCCA,5,12,13.0,12.2,0
1,0,FBCCA,6,12,14.0,12.2,0
1,0,FBCCA,7,38,15.0,14.8,0
1,0,FBCCA,8,8,8.2,8.2,1
1,0,FBCCA,9,9,9.2,9.2,1
1,0,FBCCA,10,26,10.2,10.6,0
1,0,FBCCA,11,11,11.2,11.2,1
1,0,FBCCA,12,19,12.2,11.4,0
1,0,FBCCA,13,30,13.2,14.6,0
1,0,FBCCA,14,14,14.2,14.2,1
1,0,FBCCA,15,38,15.2,14.8,0
1,0,FBCCA,16,16,8.4,8.4,1
1,0,FBCCA,17,24,9.4,8.6,0
1,0,FBCCA,18,18,10.4,10.4,1
1,0,FBCCA,19,10,11.4,10.2,0
1,0,FBCCA,20,36,12.4,12.8,0
1,0,FBCCA,21,0,13.4,8.0,0
1,0,FBCCA,22,16,14.4,8.4,0
1,0,FBCCA,23,39,15.4,15.8,0
1,0,FBCCA,24,24,8.6,8.6,1
1,0,FBCCA,25,18,9.6,10.4,0
1,0,FBCCA,26,26,10.6,10.6,1
1,0,FBCCA,27,27,11.6,11.6,1
1,0,FBCCA,28,8,12.6,8.2,0
1,0,FBCCA,29,10,13.6,10.2,0
1,0,FBCCA,30,22,14.6,14.4,0
1,0,FBCCA,31,10,15.6,10.2,0
1,0,FBCCA,32,32,8.8,8.8,1
1,0,FBCCA,33,9,9.8,9.2,0
1,0,FBCCA,34,1,10.8,9.0,0
1,0,FBCCA,35,3,11.8,11.0,0
1,0,FBCCA,36,36,12.8,12.8,1
1,0,FBCCA,37,29,13.8,13.6,0
1,0,FBCCA,38,7,14.8,15.0,0
1,0,FBCCA,39,23,15.8,15.4,0
1,0,TDCA,0,0,8.0,8.0,1
1,0,TDCA,1,1,9.0,9.0,1
1,0,TDCA,2,2,10.0,10.0,1
1,0,TDCA,3,3,11.0,11.0,1
1,0,TDCA,4,4,12.0,12.0,1
1,0,TDCA,5,5,13.0,13.0,1
1,0,TDCA,6,6,14.0,14.0,1
1,0,TDCA,7,39,15.0,15.8,0
1,0,TDCA,8,8,8.2,8.2,1
1,0,TDCA,9,9,9.2,9.2,1
1,0,TDCA,10,10,10.2,10.2,1
1,0,TDCA,11,11,11.2,11.2,1
1,0,TDCA,12,12,12.2,12.2,1
1,0,TDCA,13,13,13.2,13.2,1
1,0,TDCA,14,14,14.2,14.2,1
1,0,TDCA,15,15,15.2,15.2,1
1,0,TDCA,16,16,8.4,8.4,1
1,0,TDCA,17,17,9.4,9.4,1
1,0,TDCA,18,18,10.4,10.4,1
1,0,TDCA,19,19,11.4,11.4,1
1,0,TDCA,20,20,12.4,12.4,1
1,0,TDCA,21,21,13.4,13.4,1
1,0,TDCA,22,2,14.4,10.0,0
1,0,TDCA,23,23,15.4,15.4,1
1,0,TDCA,24,24,8.6,8.6,1
1,0,TDCA,25,25,9.6,9.6,1
1,0,TDCA,26,26,10.6,10.6,1
1,0,TDCA,27,27,11.6,11.6,1
1,0,TDCA,28,28,12.6,12.6,1
1,0,TDCA,29,29,13.6,13.6,1
1,0,TDCA,30,30,14.6,14.6,1
1,0,TDCA,31,31,15.6,15.6,1
1,0,TDCA,32,32,8.8,8.8,1
1,0,TDCA,33,33,9.8,9.8,1
1,0,TDCA,34,19,10.8,11.4,0
1,0,TDCA,35,35,11.8,11.8,1
1,0,TDCA,36,36,12.8,12.8,1
1,0,TDCA,37,37,13.8,13.8,1
1,0,TDCA,38,38,14.8,14.8,1
1,0,TDCA,39,7,15.8,15.0,0
1,0,ImprovedTDCA(alpha=0.00),0,0,8.0,8.0,1
1,0,ImprovedTDCA(alpha=0.00),1,1,9.0,9.0,1
1,0,ImprovedTDCA(alpha=0.00),2,2,10.0,10.0,1
1,0,ImprovedTDCA(alpha=0.00),3,3,11.0,11.0,1
1,0,ImprovedTDCA(alpha=0.00),4,4,12.0,12.0,1
1,0,ImprovedTDCA(alpha=0.00),5,5,13.0,13.0,1
1,0,ImprovedTDCA(alpha=0.00),6,6,14.0,14.0,1
1,0,ImprovedTDCA(alpha=0.00),7,39,15.0,15.8,0
1,0,ImprovedTDCA(alpha=0.00),8,8,8.2,8.2,1
1,0,ImprovedTDCA(alpha=0.00),9,9,9.2,9.2,1
1,0,ImprovedTDCA(alpha=0.00),10,10,10.2,10.2,1
1,0,ImprovedTDCA(alpha=0.00),11,11,11.2,11.2,1
1,0,ImprovedTDCA(alpha=0.00),12,12,12.2,12.2,1
1,0,ImprovedTDCA(alpha=0.00),13,13,13.2,13.2,1
1,0,ImprovedTDCA(alpha=0.00),14,14,14.2,14.2,1
1,0,ImprovedTDCA(alpha=0.00),15,15,15.2,15.2,1
1,0,ImprovedTDCA(alpha=0.00),16,16,8.4,8.4,1
1,0,ImprovedTDCA(alpha=0.00),17,17,9.4,9.4,1
1,0,ImprovedTDCA(alpha=0.00),18,18,10.4,10.4,1
1,0,ImprovedTDCA(alpha=0.00),19,19,11.4,11.4,1
1,0,ImprovedTDCA(alpha=0.00),20,20,12.4,12.4,1
1,0,ImprovedTDCA(alpha=0.00),21,21,13.4,13.4,1
1,0,ImprovedTDCA(alpha=0.00),22,2,14.4,10.0,0
1,0,ImprovedTDCA(alpha=0.00),23,23,15.4,15.4,1
1,0,ImprovedTDCA(alpha=0.00),24,24,8.6,8.6,1
1,0,ImprovedTDCA(alpha=0.00),25,25,9.6,9.6,1
1,0,ImprovedTDCA(alpha=0.00),26,26,10.6,10.6,1
1,0,ImprovedTDCA(alpha=0.00),27,27,11.6,11.6,1
1,0,ImprovedTDCA(alpha=0.00),28,28,12.6,12.6,1
1,0,ImprovedTDCA(alpha=0.00),29,29,13.6,13.6,1
1,0,ImprovedTDCA(alpha=0.00),30,30,14.6,14.6,1
1,0,ImprovedTDCA(alpha=0.00),31,31,15.6,15.6,1
1,0,ImprovedTDCA(alpha=0.00),32,32,8.8,8.8,1
1,0,ImprovedTDCA(alpha=0.00),33,33,9.8,9.8,1
1,0,ImprovedTDCA(alpha=0.00),34,19,10.8,11.4,0
1,0,ImprovedTDCA(alpha=0.00),35,35,11.8,11.8,1
1,0,ImprovedTDCA(alpha=0.00),36,36,12.8,12.8,1
1,0,ImprovedTDCA(alpha=0.00),37,37,13.8,13.8,1
1,0,ImprovedTDCA(alpha=0.00),38,38,14.8,14.8,1
1,0,ImprovedTDCA(alpha=0.00),39,10,15.8,10.2,0
1,0,EnsembleImprovedTDCA(alpha=0.00),0,0,8.0,8.0,1
1,0,EnsembleImprovedTDCA(alpha=0.00),1,1,9.0,9.0,1
1,0,EnsembleImprovedTDCA(alpha=0.00),2,2,10.0,10.0,1
1,0,EnsembleImprovedTDCA(alpha=0.00),3,3,11.0,11.0,1
1,0,EnsembleImprovedTDCA(alpha=0.00),4,4,12.0,12.0,1
1,0,EnsembleImprovedTDCA(alpha=0.00),5,5,13.0,13.0,1
1,0,EnsembleImprovedTDCA(alpha=0.00),6,6,14.0,14.0,1
1,0,EnsembleImprovedTDCA(alpha=0.00),7,39,15.0,15.8,0
1,0,EnsembleImprovedTDCA(alpha=0.00),8,8,8.2,8.2,1
1,0,EnsembleImprovedTDCA(alpha=0.00),9,9,9.2,9.2,1
1,0,EnsembleImprovedTDCA(alpha=0.00),10,10,10.2,10.2,1
1,0,EnsembleImprovedTDCA(alpha=0.00),11,11,11.2,11.2,1
1,0,EnsembleImprovedTDCA(alpha=0.00),12,12,12.2,12.2,1
1,0,EnsembleImprovedTDCA(alpha=0.00),13,13,13.2,13.2,1
1,0,EnsembleImprovedTDCA(alpha=0.00),14,14,14.2,14.2,1
1,0,EnsembleImprovedTDCA(alpha=0.00),15,15,15.2,15.2,1
1,0,EnsembleImprovedTDCA(alpha=0.00),16,16,8.4,8.4,1
1,0,EnsembleImprovedTDCA(alpha=0.00),17,17,9.4,9.4,1
1,0,EnsembleImprovedTDCA(alpha=0.00),18,18,10.4,10.4,1
1,0,EnsembleImprovedTDCA(alpha=0.00),19,19,11.4,11.4,1
1,0,EnsembleImprovedTDCA(alpha=0.00),20,20,12.4,12.4,1
1,0,EnsembleImprovedTDCA(alpha=0.00),21,21,13.4,13.4,1
1,0,EnsembleImprovedTDCA(alpha=0.00),22,2,14.4,10.0,0
1,0,EnsembleImprovedTDCA(alpha=0.00),23,23,15.4,15.4,1
1,0,EnsembleImprovedTDCA(alpha=0.00),24,24,8.6,8.6,1
1,0,EnsembleImprovedTDCA(alpha=0.00),25,25,9.6,9.6,1
1,0,EnsembleImprovedTDCA(alpha=0.00),26,26,10.6,10.6,1
1,0,EnsembleImprovedTDCA(alpha=0.00),27,27,11.6,11.6,1
1,0,EnsembleImprovedTDCA(alpha=0.00),28,28,12.6,12.6,1
1,0,EnsembleImprovedTDCA(alpha=0.00),29,29,13.6,13.6,1
1,0,EnsembleImprovedTDCA(alpha=0.00),30,30,14.6,14.6,1
1,0,EnsembleImprovedTDCA(alpha=0.00),31,31,15.6,15.6,1
1,0,EnsembleImprovedTDCA(alpha=0.00),32,32,8.8,8.8,1
1,0,EnsembleImprovedTDCA(alpha=0.00),33,33,9.8,9.8,1
1,0,EnsembleImprovedTDCA(alpha=0.00),34,19,10.8,11.4,0
1,0,EnsembleImprovedTDCA(alpha=0.00),35,35,11.8,11.8,1
1,0,EnsembleImprovedTDCA(alpha=0.00),36,36,12.8,12.8,1
1,0,EnsembleImprovedTDCA(alpha=0.00),37,37,13.8,13.8,1
1,0,EnsembleImprovedTDCA(alpha=0.00),38,38,14.8,14.8,1
1,0,EnsembleImprovedTDCA(alpha=0.00),39,10,15.8,10.2,0
1,1,CCA,0,27,8.0,11.6,0
1,1,CCA,1,9,9.0,9.2,0
1,1,CCA,2,12,10.0,12.2,0
1,1,CCA,3,11,11.0,11.2,0
1,1,CCA,4,0,12.0,8.0,0
1,1,CCA,5,33,13.0,9.8,0
1,1,CCA,6,0,14.0,8.0,0
1,1,CCA,7,0,15.0,8.0,0
1,1,CCA,8,0,8.2,8.0,0
1,1,CCA,9,17,9.2,9.4,0
1,1,CCA,10,10,10.2,10.2,1
1,1,CCA,11,18,11.2,10.4,0
1,1,CCA,12,19,12.2,11.4,0
1,1,CCA,13,1,13.2,9.0,0
1,1,CCA,14,29,14.2,13.6,0
1,1,CCA,15,5,15.2,13.0,0
1,1,CCA,16,16,8.4,8.4,1
1,1,CCA,17,25,9.4,9.6,0
1,1,CCA,18,18,10.4,10.4,1
1,1,CCA,19,19,11.4,11.4,1
1,1,CCA,20,12,12.4,12.2,0
1,1,CCA,21,13,13.4,13.2,0
1,1,CCA,22,24,14.4,8.6,0
1,1,CCA,23,21,15.4,13.4,0
1,1,CCA,24,10,8.6,10.2,0
1,1,CCA,25,25,9.6,9.6,1
1,1,CCA,26,4,10.6,12.0,0
1,1,CCA,27,4,11.6,12.0,0
1,1,CCA,28,4,12.6,12.0,0
1,1,CCA,29,26,13.6,10.6,0
1,1,CCA,30,3,14.6,11.0,0
1,1,CCA,31,0,15.6,8.0,0
1,1,CCA,32,16,8.8,8.4,0
1,1,CCA,33,29,9.8,13.6,0
1,1,CCA,34,24,10.8,8.6,0
1,1,CCA,35,33,11.8,9.8,0
1,1,CCA,36,21,12.8,13.4,0
1,1,CCA,37,21,13.8,13.4,0
1,1,CCA,38,30,14.8,14.6,0
1,1,CCA,39,7,15.8,15.0,0
1,1,FBCCA,0,11,8.0,11.2,0
1,1,FBCCA,1,1,9.0,9.0,1
1,1,FBCCA,2,0,10.0,8.0,0
1,1,FBCCA,3,11,11.0,11.2,0
1,1,FBCCA,4,0,12.0,8.0,0
1,1,FBCCA,5,33,13.0,9.8,0
1,1,FBCCA,6,0,14.0,8.0,0
1,1,FBCCA,7,7,15.0,15.0,1
1,1,FBCCA,8,0,8.2,8.0,0
1,1,FBCCA,9,16,9.2,8.4,0
1,1,FBCCA,10,0,10.2,8.0,0
1,1,FBCCA,11,11,11.2,11.2,1
1,1,FBCCA,12,27,12.2,11.6,0
1,1,FBCCA,13,12,13.2,12.2,0
1,1,FBCCA,14,22,14.2,14.4,0
1,1,FBCCA,15,15,15.2,15.2,1
1,1,FBCCA,16,8,8.4,8.2,0
1,1,FBCCA,17,23,9.4,15.4,0
1,1,FBCCA,18,14,10.4,14.2,0
1,1,FBCCA,19,19,11.4,11.4,1
1,1,FBCCA,20,26,12.4,10.6,0
1,1,FBCCA,21,6,13.4,14.0,0
1,1,FBCCA,22,30,14.4,14.6,0
1,1,FBCCA,23,21,15.4,13.4,0
1,1,FBCCA,24,30,8.6,14.6,0
1,1,FBCCA,25,2,9.6,10.0,0
1,1,FBCCA,26,25,10.6,9.6,0
1,1,FBCCA,27,27,11.6,11.6,1
1,1,FBCCA,28,19,12.6,11.4,0
1,1,FBCCA,29,21,13.6,13.4,0
1,1,FBCCA,30,23,14.6,15.4,0
1,1,FBCCA,31,31,15.6,15.6,1
1,1,FBCCA,32,24,8.8,8.6,0
1,1,FBCCA,33,0,9.8,8.0,0
1,1,FBCCA,34,0,10.8,8.0,0
1,1,FBCCA,35,32,11.8,8.8,0
1,1,FBCCA,36,29,12.8,13.6,0
1,1,FBCCA,37,21,13.8,13.4,0
1,1,FBCCA,38,14,14.8,14.2,0
1,1,FBCCA,39,39,15.8,15.8,1
1,1,TDCA,0,0,8.0,8.0,1
1,1,TDCA,1,1,9.0,9.0,1
1,1,TDCA,2,2,10.0,10.0,1
1,1,TDCA,3,3,11.0,11.0,1
1,1,TDCA,4,4,12.0,12.0,1
1,1,TDCA,5,5,13.0,13.0,1
1,1,TDCA,6,14,14.0,14.2,0
1,1,TDCA,7,7,15.0,15.0,1
1,1,TDCA,8,8,8.2,8.2,1
1,1,TDCA,9,9,9.2,9.2,1
1,1,TDCA,10,10,10.2,10.2,1
1,1,TDCA,11,24,11.2,8.6,0
1,1,TDCA,12,12,12.2,12.2,1
1,1,TDCA,13,15,13.2,15.2,0
1,1,TDCA,14,14,14.2,14.2,1
1,1,TDCA,15,15,15.2,15.2,1
1,1,TDCA,16,16,8.4,8.4,1
1,1,TDCA,17,17,9.4,9.4,1
1,1,TDCA,18,18,10.4,10.4,1
1,1,TDCA,19,19,11.4,11.4,1
1,1,TDCA,20,20,12.4,12.4,1
1,1,TDCA,21,21,13.4,13.4,1
1,1,TDCA,22,22,14.4,14.4,1
1,1,TDCA,23,23,15.4,15.4,1
1,1,TDCA,24,24,8.6,8.6,1
1,1,TDCA,25,25,9.6,9.6,1
1,1,TDCA,26,26,10.6,10.6,1
1,1,TDCA,27,27,11.6,11.6,1
1,1,TDCA,28,28,12.6,12.6,1
1,1,TDCA,29,29,13.6,13.6,1
1,1,TDCA,30,30,14.6,14.6,1
1,1,TDCA,31,31,15.6,15.6,1
1,1,TDCA,32,32,8.8,8.8,1
1,1,TDCA,33,33,9.8,9.8,1
1,1,TDCA,34,34,10.8,10.8,1
1,1,TDCA,35,15,11.8,15.2,0
1,1,TDCA,36,36,12.8,12.8,1
1,1,TDCA,37,37,13.8,13.8,1
1,1,TDCA,38,38,14.8,14.8,1
1,1,TDCA,39,39,15.8,15.8,1
1,1,ImprovedTDCA(alpha=0.10),0,0,8.0,8.0,1
1,1,ImprovedTDCA(alpha=0.10),1,1,9.0,9.0,1
1,1,ImprovedTDCA(alpha=0.10),2,2,10.0,10.0,1
1,1,ImprovedTDCA(alpha=0.10),3,3,11.0,11.0,1
1,1,ImprovedTDCA(alpha=0.10),4,4,12.0,12.0,1
1,1,ImprovedTDCA(alpha=0.10),5,5,13.0,13.0,1
1,1,ImprovedTDCA(alpha=0.10),6,14,14.0,14.2,0
1,1,ImprovedTDCA(alpha=0.10),7,7,15.0,15.0,1
1,1,ImprovedTDCA(alpha=0.10),8,8,8.2,8.2,1
1,1,ImprovedTDCA(alpha=0.10),9,9,9.2,9.2,1
1,1,ImprovedTDCA(alpha=0.10),10,10,10.2,10.2,1
1,1,ImprovedTDCA(alpha=0.10),11,24,11.2,8.6,0
1,1,ImprovedTDCA(alpha=0.10),12,12,12.2,12.2,1
1,1,ImprovedTDCA(alpha=0.10),13,13,13.2,13.2,1
1,1,ImprovedTDCA(alpha=0.10),14,14,14.2,14.2,1
1,1,ImprovedTDCA(alpha=0.10),15,15,15.2,15.2,1
1,1,ImprovedTDCA(alpha=0.10),16,16,8.4,8.4,1
1,1,ImprovedTDCA(alpha=0.10),17,17,9.4,9.4,1
1,1,ImprovedTDCA(alpha=0.10),18,18,10.4,10.4,1
1,1,ImprovedTDCA(alpha=0.10),19,19,11.4,11.4,1
1,1,ImprovedTDCA(alpha=0.10),20,20,12.4,12.4,1
1,1,ImprovedTDCA(alpha=0.10),21,21,13.4,13.4,1
1,1,ImprovedTDCA(alpha=0.10),22,22,14.4,14.4,1
1,1,ImprovedTDCA(alpha=0.10),23,23,15.4,15.4,1
1,1,ImprovedTDCA(alpha=0.10),24,24,8.6,8.6,1
1,1,ImprovedTDCA(alpha=0.10),25,25,9.6,9.6,1
1,1,ImprovedTDCA(alpha=0.10),26,26,10.6,10.6,1
1,1,ImprovedTDCA(alpha=0.10),27,27,11.6,11.6,1
1,1,ImprovedTDCA(alpha=0.10),28,28,12.6,12.6,1
1,1,ImprovedTDCA(alpha=0.10),29,29,13.6,13.6,1
1,1,ImprovedTDCA(alpha=0.10),30,30,14.6,14.6,1
1,1,ImprovedTDCA(alpha=0.10),31,31,15.6,15.6,1
1,1,ImprovedTDCA(alpha=0.10),32,32,8.8,8.8,1
1,1,ImprovedTDCA(alpha=0.10),33,33,9.8,9.8,1
1,1,ImprovedTDCA(alpha=0.10),34,34,10.8,10.8,1
1,1,ImprovedTDCA(alpha=0.10),35,15,11.8,15.2,0
1,1,ImprovedTDCA(alpha=0.10),36,36,12.8,12.8,1
1,1,ImprovedTDCA(alpha=0.10),37,37,13.8,13.8,1
1,1,ImprovedTDCA(alpha=0.10),38,38,14.8,14.8,1
1,1,ImprovedTDCA(alpha=0.10),39,39,15.8,15.8,1
1,1,EnsembleImprovedTDCA(alpha=0.00),0,0,8.0,8.0,1
1,1,EnsembleImprovedTDCA(alpha=0.00),1,1,9.0,9.0,1
1,1,EnsembleImprovedTDCA(alpha=0.00),2,2,10.0,10.0,1
1,1,EnsembleImprovedTDCA(alpha=0.00),3,3,11.0,11.0,1
1,1,EnsembleImprovedTDCA(alpha=0.00),4,4,12.0,12.0,1
1,1,EnsembleImprovedTDCA(alpha=0.00),5,5,13.0,13.0,1
1,1,EnsembleImprovedTDCA(alpha=0.00),6,14,14.0,14.2,0
1,1,EnsembleImprovedTDCA(alpha=0.00),7,7,15.0,15.0,1
1,1,EnsembleImprovedTDCA(alpha=0.00),8,8,8.2,8.2,1
1,1,EnsembleImprovedTDCA(alpha=0.00),9,9,9.2,9.2,1
1,1,EnsembleImprovedTDCA(alpha=0.00),10,10,10.2,10.2,1
1,1,EnsembleImprovedTDCA(alpha=0.00),11,24,11.2,8.6,0
1,1,EnsembleImprovedTDCA(alpha=0.00),12,12,12.2,12.2,1
1,1,EnsembleImprovedTDCA(alpha=0.00),13,15,13.2,15.2,0
1,1,EnsembleImprovedTDCA(alpha=0.00),14,14,14.2,14.2,1
1,1,EnsembleImprovedTDCA(alpha=0.00),15,15,15.2,15.2,1
1,1,EnsembleImprovedTDCA(alpha=0.00),16,16,8.4,8.4,1
1,1,EnsembleImprovedTDCA(alpha=0.00),17,17,9.4,9.4,1
1,1,EnsembleImprovedTDCA(alpha=0.00),18,18,10.4,10.4,1
1,1,EnsembleImprovedTDCA(alpha=0.00),19,19,11.4,11.4,1
1,1,EnsembleImprovedTDCA(alpha=0.00),20,20,12.4,12.4,1
1,1,EnsembleImprovedTDCA(alpha=0.00),21,21,13.4,13.4,1
1,1,EnsembleImprovedTDCA(alpha=0.00),22,22,14.4,14.4,1
1,1,EnsembleImprovedTDCA(alpha=0.00),23,23,15.4,15.4,1
1,1,EnsembleImprovedTDCA(alpha=0.00),24,24,8.6,8.6,1
1,1,EnsembleImprovedTDCA(alpha=0.00),25,25,9.6,9.6,1
1,1,EnsembleImprovedTDCA(alpha=0.00),26,26,10.6,10.6,1
1,1,EnsembleImprovedTDCA(alpha=0.00),27,27,11.6,11.6,1
1,1,EnsembleImprovedTDCA(alpha=0.00),28,28,12.6,12.6,1
1,1,EnsembleImprovedTDCA(alpha=0.00),29,29,13.6,13.6,1
1,1,EnsembleImprovedTDCA(alpha=0.00),30,30,14.6,14.6,1
1,1,EnsembleImprovedTDCA(alpha=0.00),31,31,15.6,15.6,1
1,1,EnsembleImprovedTDCA(alpha=0.00),32,32,8.8,8.8,1
1,1,EnsembleImprovedTDCA(alpha=0.00),33,33,9.8,9.8,1
1,1,EnsembleImprovedTDCA(alpha=0.00),34,34,10.8,10.8,1
1,1,EnsembleImprovedTDCA(alpha=0.00),35,15,11.8,15.2,0
1,1,EnsembleImprovedTDCA(alpha=0.00),36,36,12.8,12.8,1
1,1,EnsembleImprovedTDCA(alpha=0.00),37,37,13.8,13.8,1
1,1,EnsembleImprovedTDCA(alpha=0.00),38,38,14.8,14.8,1
1,1,EnsembleImprovedTDCA(alpha=0.00),39,39,15.8,15.8,1
1,2,CCA,0,8,8.0,8.2,0
1,2,CCA,1,0,9.0,8.0,0
1,2,CCA,2,17,10.0,9.4,0
1,2,CCA,3,3,11.0,11.0,1
1,2,CCA,4,18,12.0,10.4,0
1,2,CCA,5,33,13.0,9.8,0
1,2,CCA,6,35,14.0,11.8,0
1,2,CCA,7,38,15.0,14.8,0
1,2,CCA,8,13,8.2,13.2,0
1,2,CCA,9,24,9.2,8.6,0
1,2,CCA,10,9,10.2,9.2,0
1,2,CCA,11,11,11.2,11.2,1
1,2,CCA,12,34,12.2,10.8,0
1,2,CCA,13,38,13.2,14.8,0
1,2,CCA,14,28,14.2,12.6,0
1,2,CCA,15,36,15.2,12.8,0
1,2,CCA,16,16,8.4,8.4,1
1,2,CCA,17,0,9.4,8.0,0
1,2,CCA,18,29,10.4,13.6,0
1,2,CCA,19,28,11.4,12.6,0
1,2,CCA,20,24,12.4,8.6,0
1,2,CCA,21,36,13.4,12.8,0
1,2,CCA,22,5,14.4,13.0,0
1,2,CCA,23,25,15.4,9.6,0
1,2,CCA,24,28,8.6,12.6,0
1,2,CCA,25,17,9.6,9.4,0
1,2,CCA,26,3,10.6,11.0,0
1,2,CCA,27,27,11.6,11.6,1
1,2,CCA,28,35,12.6,11.8,0
1,2,CCA,29,37,13.6,13.8,0
1,2,CCA,30,29,14.6,13.6,0
1,2,CCA,31,0,15.6,8.0,0
1,2,CCA,32,32,8.8,8.8,1
1,2,CCA,33,33,9.8,9.8,1
1,2,CCA,34,34,10.8,10.8,1
1,2,CCA,35,35,11.8,11.8,1
1,2,CCA,36,28,12.8,12.6,0
1,2,CCA,37,29,13.8,13.6,0
1,2,CCA,38,25,14.8,9.6,0
1,2,CCA,39,14,15.8,14.2,0
1,2,FBCCA,0,16,8.0,8.4,0
1,2,FBCCA,1,23,9.0,15.4,0
1,2,FBCCA,2,0,10.0,8.0,0
1,2,FBCCA,3,3,11.0,11.0,1
1,2,FBCCA,4,25,12.0,9.6,0
1,2,FBCCA,5,17,13.0,9.4,0
1,2,FBCCA,6,19,14.0,11.4,0
1,2,FBCCA,7,7,15.0,15.0,1
1,2,FBCCA,8,21,8.2,13.4,0
1,2,FBCCA,9,32,9.2,8.8,0
1,2,FBCCA,10,10,10.2,10.2,1
1,2,FBCCA,11,19,11.2,11.4,0
1,2,FBCCA,12,1,12.2,9.0,0
1,2,FBCCA,13,7,13.2,15.0,0
1,2,FBCCA,14,22,14.2,14.4,0
1,2,FBCCA,15,15,15.2,15.2,1
1,2,FBCCA,16,16,8.4,8.4,1
1,2,FBCCA,17,16,9.4,8.4,0
1,2,FBCCA,18,10,10.4,10.2,0
1,2,FBCCA,19,16,11.4,8.4,0
1,2,FBCCA,20,27,12.4,11.6,0
1,2,FBCCA,21,28,13.4,12.6,0
1,2,FBCCA,22,14,14.4,14.2,0
1,2,FBCCA,23,0,15.4,8.0,0
1,2,FBCCA,24,12,8.6,12.2,0
1,2,FBCCA,25,25,9.6,9.6,1
1,2,FBCCA,26,0,10.6,8.0,0
1,2,FBCCA,27,27,11.6,11.6,1
1,2,FBCCA,28,35,12.6,11.8,0
1,2,FBCCA,29,37,13.6,13.8,0
1,2,FBCCA,30,14,14.6,14.2,0
1,2,FBCCA,31,23,15.6,15.4,0
1,2,FBCCA,32,32,8.8,8.8,1
1,2,FBCCA,33,15,9.8,15.2,0
1,2,FBCCA,34,16,10.8,8.4,0
1,2,FBCCA,35,4,11.8,12.0,0
1,2,FBCCA,36,36,12.8,12.8,1
1,2,FBCCA,37,15,13.8,15.2,0
1,2,FBCCA,38,30,14.8,14.6,0
1,2,FBCCA,39,30,15.8,14.6,0
1,2,TDCA,0,0,8.0,8.0,1
1,2,TDCA,1,1,9.0,9.0,1
1,2,TDCA,2,2,10.0,10.0,1
1,2,TDCA,3,3,11.0,11.0,1
1,2,TDCA,4,4,12.0,12.0,1
1,2,TDCA,5,5,13.0,13.0,1
1,2,TDCA,6,6,14.0,14.0,1
1,2,TDCA,7,7,15.0,15.0,1
1,2,TDCA,8,8,8.2,8.2,1
1,2,TDCA,9,9,9.2,9.2,1
1,2,TDCA,10,10,10.2,10.2,1
1,2,TDCA,11,11,11.2,11.2,1
1,2,TDCA,12,12,12.2,12.2,1
1,2,TDCA,13,22,13.2,14.4,0
1,2,TDCA,14,14,14.2,14.2,1
1,2,TDCA,15,15,15.2,15.2,1
1,2,TDCA,16,16,8.4,8.4,1
1,2,TDCA,17,17,9.4,9.4,1
1,2,TDCA,18,18,10.4,10.4,1
1,2,TDCA,19,19,11.4,11.4,1
1,2,TDCA,20,20,12.4,12.4,1
1,2,TDCA,21,21,13.4,13.4,1
1,2,TDCA,22,22,14.4,14.4,1
1,2,TDCA,23,23,15.4,15.4,1
1,2,TDCA,24,24,8.6,8.6,1
1,2,TDCA,25,25,9.6,9.6,1
1,2,TDCA,26,26,10.6,10.6,1
1,2,TDCA,27,27,11.6,11.6,1
1,2,TDCA,28,28,12.6,12.6,1
1,2,TDCA,29,29,13.6,13.6,1
1,2,TDCA,30,30,14.6,14.6,1
1,2,TDCA,31,31,15.6,15.6,1
1,2,TDCA,32,32,8.8,8.8,1
1,2,TDCA,33,33,9.8,9.8,1
1,2,TDCA,34,34,10.8,10.8,1
1,2,TDCA,35,35,11.8,11.8,1
1,2,TDCA,36,36,12.8,12.8,1
1,2,TDCA,37,37,13.8,13.8,1
1,2,TDCA,38,38,14.8,14.8,1
1,2,TDCA,39,39,15.8,15.8,1
1,2,ImprovedTDCA(alpha=0.20),0,0,8.0,8.0,1
1,2,ImprovedTDCA(alpha=0.20),1,1,9.0,9.0,1
1,2,ImprovedTDCA(alpha=0.20),2,2,10.0,10.0,1
1,2,ImprovedTDCA(alpha=0.20),3,3,11.0,11.0,1
1,2,ImprovedTDCA(alpha=0.20),4,4,12.0,12.0,1
1,2,ImprovedTDCA(alpha=0.20),5,5,13.0,13.0,1
1,2,ImprovedTDCA(alpha=0.20),6,6,14.0,14.0,1
1,2,ImprovedTDCA(alpha=0.20),7,7,15.0,15.0,1
1,2,ImprovedTDCA(alpha=0.20),8,8,8.2,8.2,1
1,2,ImprovedTDCA(alpha=0.20),9,9,9.2,9.2,1
1,2,ImprovedTDCA(alpha=0.20),10,10,10.2,10.2,1
1,2,ImprovedTDCA(alpha=0.20),11,11,11.2,11.2,1
1,2,ImprovedTDCA(alpha=0.20),12,12,12.2,12.2,1
1,2,ImprovedTDCA(alpha=0.20),13,7,13.2,15.0,0
1,2,ImprovedTDCA(alpha=0.20),14,14,14.2,14.2,1
1,2,ImprovedTDCA(alpha=0.20),15,15,15.2,15.2,1
1,2,ImprovedTDCA(alpha=0.20),16,16,8.4,8.4,1
1,2,ImprovedTDCA(alpha=0.20),17,17,9.4,9.4,1
1,2,ImprovedTDCA(alpha=0.20),18,18,10.4,10.4,1
1,2,ImprovedTDCA(alpha=0.20),19,19,11.4,11.4,1
1,2,ImprovedTDCA(alpha=0.20),20,20,12.4,12.4,1
1,2,ImprovedTDCA(alpha=0.20),21,21,13.4,13.4,1
1,2,ImprovedTDCA(alpha=0.20),22,22,14.4,14.4,1
1,2,ImprovedTDCA(alpha=0.20),23,23,15.4,15.4,1
1,2,ImprovedTDCA(alpha=0.20),24,24,8.6,8.6,1
1,2,ImprovedTDCA(alpha=0.20),25,25,9.6,9.6,1
1,2,ImprovedTDCA(alpha=0.20),26,26,10.6,10.6,1
1,2,ImprovedTDCA(alpha=0.20),27,27,11.6,11.6,1
1,2,ImprovedTDCA(alpha=0.20),28,28,12.6,12.6,1
1,2,ImprovedTDCA(alpha=0.20),29,29,13.6,13.6,1
1,2,ImprovedTDCA(alpha=0.20),30,30,14.6,14.6,1
1,2,ImprovedTDCA(alpha=0.20),31,31,15.6,15.6,1
1,2,ImprovedTDCA(alpha=0.20),32,32,8.8,8.8,1
1,2,ImprovedTDCA(alpha=0.20),33,33,9.8,9.8,1
1,2,ImprovedTDCA(alpha=0.20),34,34,10.8,10.8,1
1,2,ImprovedTDCA(alpha=0.20),35,35,11.8,11.8,1
1,2,ImprovedTDCA(alpha=0.20),36,36,12.8,12.8,1
1,2,ImprovedTDCA(alpha=0.20),37,37,13.8,13.8,1
1,2,ImprovedTDCA(alpha=0.20),38,38,14.8,14.8,1
1,2,ImprovedTDCA(alpha=0.20),39,39,15.8,15.8,1
1,2,EnsembleImprovedTDCA(alpha=0.10),0,0,8.0,8.0,1
1,2,EnsembleImprovedTDCA(alpha=0.10),1,1,9.0,9.0,1
1,2,EnsembleImprovedTDCA(alpha=0.10),2,2,10.0,10.0,1
1,2,EnsembleImprovedTDCA(alpha=0.10),3,3,11.0,11.0,1
1,2,EnsembleImprovedTDCA(alpha=0.10),4,4,12.0,12.0,1
1,2,EnsembleImprovedTDCA(alpha=0.10),5,5,13.0,13.0,1
1,2,EnsembleImprovedTDCA(alpha=0.10),6,6,14.0,14.0,1
1,2,EnsembleImprovedTDCA(alpha=0.10),7,7,15.0,15.0,1
1,2,EnsembleImprovedTDCA(alpha=0.10),8,8,8.2,8.2,1
1,2,EnsembleImprovedTDCA(alpha=0.10),9,9,9.2,9.2,1
1,2,EnsembleImprovedTDCA(alpha=0.10),10,10,10.2,10.2,1
1,2,EnsembleImprovedTDCA(alpha=0.10),11,11,11.2,11.2,1
1,2,EnsembleImprovedTDCA(alpha=0.10),12,12,12.2,12.2,1
1,2,EnsembleImprovedTDCA(alpha=0.10),13,7,13.2,15.0,0
1,2,EnsembleImprovedTDCA(alpha=0.10),14,14,14.2,14.2,1
1,2,EnsembleImprovedTDCA(alpha=0.10),15,15,15.2,15.2,1
1,2,EnsembleImprovedTDCA(alpha=0.10),16,16,8.4,8.4,1
1,2,EnsembleImprovedTDCA(alpha=0.10),17,17,9.4,9.4,1
1,2,EnsembleImprovedTDCA(alpha=0.10),18,18,10.4,10.4,1
1,2,EnsembleImprovedTDCA(alpha=0.10),19,19,11.4,11.4,1
1,2,EnsembleImprovedTDCA(alpha=0.10),20,20,12.4,12.4,1
1,2,EnsembleImprovedTDCA(alpha=0.10),21,21,13.4,13.4,1
1,2,EnsembleImprovedTDCA(alpha=0.10),22,22,14.4,14.4,1
1,2,EnsembleImprovedTDCA(alpha=0.10),23,23,15.4,15.4,1
1,2,EnsembleImprovedTDCA(alpha=0.10),24,24,8.6,8.6,1
1,2,EnsembleImprovedTDCA(alpha=0.10),25,25,9.6,9.6,1
1,2,EnsembleImprovedTDCA(alpha=0.10),26,26,10.6,10.6,1
1,2,EnsembleImprovedTDCA(alpha=0.10),27,27,11.6,11.6,1
1,2,EnsembleImprovedTDCA(alpha=0.10),28,28,12.6,12.6,1
1,2,EnsembleImprovedTDCA(alpha=0.10),29,29,13.6,13.6,1
1,2,EnsembleImprovedTDCA(alpha=0.10),30,30,14.6,14.6,1
1,2,EnsembleImprovedTDCA(alpha=0.10),31,31,15.6,15.6,1
1,2,EnsembleImprovedTDCA(alpha=0.10),32,32,8.8,8.8,1
1,2,EnsembleImprovedTDCA(alpha=0.10),33,33,9.8,9.8,1
1,2,EnsembleImprovedTDCA(alpha=0.10),34,34,10.8,10.8,1
1,2,EnsembleImprovedTDCA(alpha=0.10),35,35,11.8,11.8,1
1,2,EnsembleImprovedTDCA(alpha=0.10),36,36,12.8,12.8,1
1,2,EnsembleImprovedTDCA(alpha=0.10),37,37,13.8,13.8,1
1,2,EnsembleImprovedTDCA(alpha=0.10),38,38,14.8,14.8,1
1,2,EnsembleImprovedTDCA(alpha=0.10),39,39,15.8,15.8,1
1,3,CCA,0,32,8.0,8.8,0
1,3,CCA,1,33,9.0,9.8,0
1,3,CCA,2,9,10.0,9.2,0
1,3,CCA,3,3,11.0,11.0,1
1,3,CCA,4,26,12.0,10.6,0
1,3,CCA,5,5,13.0,13.0,1
1,3,CCA,6,29,14.0,13.6,0
1,3,CCA,7,4,15.0,12.0,0
1,3,CCA,8,0,8.2,8.0,0
1,3,CCA,9,11,9.2,11.2,0
1,3,CCA,10,12,10.2,12.2,0
1,3,CCA,11,26,11.2,10.6,0
1,3,CCA,12,4,12.2,12.0,0
1,3,CCA,13,27,13.2,11.6,0
1,3,CCA,14,28,14.2,12.6,0
1,3,CCA,15,19,15.2,11.4,0
1,3,CCA,16,16,8.4,8.4,1
1,3,CCA,17,0,9.4,8.0,0
1,3,CCA,18,18,10.4,10.4,1
1,3,CCA,19,3,11.4,11.0,0
1,3,CCA,20,26,12.4,10.6,0
1,3,CCA,21,36,13.4,12.8,0
1,3,CCA,22,29,14.4,13.6,0
1,3,CCA,23,37,15.4,13.8,0
1,3,CCA,24,2,8.6,10.0,0
1,3,CCA,25,20,9.6,12.4,0
1,3,CCA,26,2,10.6,10.0,0
1,3,CCA,27,0,11.6,8.0,0
1,3,CCA,28,28,12.6,12.6,1
1,3,CCA,29,10,13.6,10.2,0
1,3,CCA,30,25,14.6,9.6,0
1,3,CCA,31,23,15.6,15.4,0
1,3,CCA,32,24,8.8,8.6,0
1,3,CCA,33,9,9.8,9.2,0
1,3,CCA,34,35,10.8,11.8,0
1,3,CCA,35,0,11.8,8.0,0
1,3,CCA,36,20,12.8,12.4,0
1,3,CCA,37,10,13.8,10.2,0
1,3,CCA,38,12,14.8,12.2,0
1,3,CCA,39,16,15.8,8.4,0
1,3,FBCCA,0,0,8.0,8.0,1
1,3,FBCCA,1,11,9.0,11.2,0
1,3,FBCCA,2,0,10.0,8.0,0
1,3,FBCCA,3,3,11.0,11.0,1
1,3,FBCCA,4,27,12.0,11.6,0
1,3,FBCCA,5,5,13.0,13.0,1
1,3,FBCCA,6,14,14.0,14.2,0
1,3,FBCCA,7,7,15.0,15.0,1
1,3,FBCCA,8,8,8.2,8.2,1
1,3,FBCCA,9,8,9.2,8.2,0
1,3,FBCCA,10,35,10.2,11.8,0
1,3,FBCCA,11,11,11.2,11.2,1
1,3,FBCCA,12,4,12.2,12.0,0
1,3,FBCCA,13,4,13.2,12.0,0
1,3,FBCCA,14,14,14.2,14.2,1
1,3,FBCCA,15,23,15.2,15.4,0
1,3,FBCCA,16,16,8.4,8.4,1
1,3,FBCCA,17,0,9.4,8.0,0
1,3,FBCCA,18,18,10.4,10.4,1
1,3,FBCCA,19,34,11.4,10.8,0
1,3,FBCCA,20,27,12.4,11.6,0
1,3,FBCCA,21,21,13.4,13.4,1
1,3,FBCCA,22,29,14.4,13.6,0
1,3,FBCCA,23,23,15.4,15.4,1
1,3,FBCCA,24,11,8.6,11.2,0
1,3,FBCCA,25,25,9.6,9.6,1
1,3,FBCCA,26,26,10.6,10.6,1
1,3,FBCCA,27,0,11.6,8.0,0
1,3,FBCCA,28,28,12.6,12.6,1
1,3,FBCCA,29,14,13.6,14.2,0
1,3,FBCCA,30,30,14.6,14.6,1
1,3,FBCCA,31,39,15.6,15.8,0
1,3,FBCCA,32,24,8.8,8.6,0
1,3,FBCCA,33,15,9.8,15.2,0
1,3,FBCCA,34,18,10.8,10.4,0
1,3,FBCCA,35,0,11.8,8.0,0
1,3,FBCCA,36,27,12.8,11.6,0
1,3,FBCCA,37,30,13.8,14.6,0
1,3,FBCCA,38,35,14.8,11.8,0
1,3,FBCCA,39,14,15.8,14.2,0
1,3,TDCA,0,0,8.0,8.0,1
1,3,TDCA,1,22,9.0,14.4,0
1,3,TDCA,2,2,10.0,10.0,1
1,3,TDCA,3,3,11.0,11.0,1
1,3,TDCA,4,4,12.0,12.0,1
1,3,TDCA,5,5,13.0,13.0,1
1,3,TDCA,6,6,14.0,14.0,1
1,3,TDCA,7,7,15.0,15.0,1
1,3,TDCA,8,8,8.2,8.2,1
1,3,TDCA,9,24,9.2,8.6,0
1,3,TDCA,10,10,10.2,10.2,1
1,3,TDCA,11,11,11.2,11.2,1
1,3,TDCA,12,12,12.2,12.2,1
1,3,TDCA,13,13,13.2,13.2,1
1,3,TDCA,14,14,14.2,14.2,1
1,3,TDCA,15,15,15.2,15.2,1
1,3,TDCA,16,16,8.4,8.4,1
1,3,TDCA,17,17,9.4,9.4,1
1,3,TDCA,18,18,10.4,10.4,1
1,3,TDCA,19,19,11.4,11.4,1
1,3,TDCA,20,27,12.4,11.6,0
1,3,TDCA,21,21,13.4,13.4,1
1,3,TDCA,22,22,14.4,14.4,1
1,3,TDCA,23,23,15.4,15.4,1
1,3,TDCA,24,24,8.6,8.6,1
1,3,TDCA,25,25,9.6,9.6,1
1,3,TDCA,26,26,10.6,10.6,1
1,3,TDCA,27,27,11.6,11.6,1
1,3,TDCA,28,28,12.6,12.6,1
1,3,TDCA,29,14,13.6,14.2,0
1,3,TDCA,30,30,14.6,14.6,1
1,3,TDCA,31,31,15.6,15.6,1
1,3,TDCA,32,32,8.8,8.8,1
1,3,TDCA,33,33,9.8,9.8,1
1,3,TDCA,34,34,10.8,10.8,1
1,3,TDCA,35,35,11.8,11.8,1
1,3,TDCA,36,18,12.8,10.4,0
1,3,TDCA,37,37,13.8,13.8,1
1,3,TDCA,38,38,14.8,14.8,1
1,3,TDCA,39,39,15.8,15.8,1
1,3,ImprovedTDCA(alpha=0.00),0,0,8.0,8.0,1
1,3,ImprovedTDCA(alpha=0.00),1,25,9.0,9.6,0
1,3,ImprovedTDCA(alpha=0.00),2,2,10.0,10.0,1
1,3,ImprovedTDCA(alpha=0.00),3,3,11.0,11.0,1
1,3,ImprovedTDCA(alpha=0.00),4,4,12.0,12.0,1
1,3,ImprovedTDCA(alpha=0.00),5,5,13.0,13.0,1
1,3,ImprovedTDCA(alpha=0.00),6,6,14.0,14.0,1
1,3,ImprovedTDCA(alpha=0.00),7,7,15.0,15.0,1
1,3,ImprovedTDCA(alpha=0.00),8,8,8.2,8.2,1
1,3,ImprovedTDCA(alpha=0.00),9,24,9.2,8.6,0
1,3,ImprovedTDCA(alpha=0.00),10,10,10.2,10.2,1
1,3,ImprovedTDCA(alpha=0.00),11,11,11.2,11.2,1
1,3,ImprovedTDCA(alpha=0.00),12,12,12.2,12.2,1
1,3,ImprovedTDCA(alpha=0.00),13,13,13.2,13.2,1
1,3,ImprovedTDCA(alpha=0.00),14,14,14.2,14.2,1
1,3,ImprovedTDCA(alpha=0.00),15,15,15.2,15.2,1
1,3,ImprovedTDCA(alpha=0.00),16,16,8.4,8.4,1
1,3,ImprovedTDCA(alpha=0.00),17,17,9.4,9.4,1
1,3,ImprovedTDCA(alpha=0.00),18,18,10.4,10.4,1
1,3,ImprovedTDCA(alpha=0.00),19,19,11.4,11.4,1
1,3,ImprovedTDCA(alpha=0.00),20,27,12.4,11.6,0
1,3,ImprovedTDCA(alpha=0.00),21,21,13.4,13.4,1
1,3,ImprovedTDCA(alpha=0.00),22,22,14.4,14.4,1
1,3,ImprovedTDCA(alpha=0.00),23,23,15.4,15.4,1
1,3,ImprovedTDCA(alpha=0.00),24,24,8.6,8.6,1
1,3,ImprovedTDCA(alpha=0.00),25,25,9.6,9.6,1
1,3,ImprovedTDCA(alpha=0.00),26,26,10.6,10.6,1
1,3,ImprovedTDCA(alpha=0.00),27,27,11.6,11.6,1
1,3,ImprovedTDCA(alpha=0.00),28,28,12.6,12.6,1
1,3,ImprovedTDCA(alpha=0.00),29,14,13.6,14.2,0
1,3,ImprovedTDCA(alpha=0.00),30,30,14.6,14.6,1
1,3,ImprovedTDCA(alpha=0.00),31,31,15.6,15.6,1
1,3,ImprovedTDCA(alpha=0.00),32,32,8.8,8.8,1
1,3,ImprovedTDCA(alpha=0.00),33,33,9.8,9.8,1
1,3,ImprovedTDCA(alpha=0.00),34,34,10.8,10.8,1
1,3,ImprovedTDCA(alpha=0.00),35,35,11.8,11.8,1
1,3,ImprovedTDCA(alpha=0.00),36,18,12.8,10.4,0
1,3,ImprovedTDCA(alpha=0.00),37,37,13.8,13.8,1
1,3,ImprovedTDCA(alpha=0.00),38,38,14.8,14.8,1
1,3,ImprovedTDCA(alpha=0.00),39,39,15.8,15.8,1
1,3,EnsembleImprovedTDCA(alpha=0.50),0,0,8.0,8.0,1
1,3,EnsembleImprovedTDCA(alpha=0.50),1,25,9.0,9.6,0
1,3,EnsembleImprovedTDCA(alpha=0.50),2,2,10.0,10.0,1
1,3,EnsembleImprovedTDCA(alpha=0.50),3,3,11.0,11.0,1
1,3,EnsembleImprovedTDCA(alpha=0.50),4,4,12.0,12.0,1
1,3,EnsembleImprovedTDCA(alpha=0.50),5,5,13.0,13.0,1
1,3,EnsembleImprovedTDCA(alpha=0.50),6,6,14.0,14.0,1
1,3,EnsembleImprovedTDCA(alpha=0.50),7,7,15.0,15.0,1
1,3,EnsembleImprovedTDCA(alpha=0.50),8,8,8.2,8.2,1
1,3,EnsembleImprovedTDCA(alpha=0.50),9,24,9.2,8.6,0
1,3,EnsembleImprovedTDCA(alpha=0.50),10,10,10.2,10.2,1
1,3,EnsembleImprovedTDCA(alpha=0.50),11,11,11.2,11.2,1
1,3,EnsembleImprovedTDCA(alpha=0.50),12,12,12.2,12.2,1
1,3,EnsembleImprovedTDCA(alpha=0.50),13,13,13.2,13.2,1
1,3,EnsembleImprovedTDCA(alpha=0.50),14,14,14.2,14.2,1
1,3,EnsembleImprovedTDCA(alpha=0.50),15,15,15.2,15.2,1
1,3,EnsembleImprovedTDCA(alpha=0.50),16,16,8.4,8.4,1
1,3,EnsembleImprovedTDCA(alpha=0.50),17,17,9.4,9.4,1
1,3,EnsembleImprovedTDCA(alpha=0.50),18,18,10.4,10.4,1
1,3,EnsembleImprovedTDCA(alpha=0.50),19,19,11.4,11.4,1
1,3,EnsembleImprovedTDCA(alpha=0.50),20,27,12.4,11.6,0
1,3,EnsembleImprovedTDCA(alpha=0.50),21,21,13.4,13.4,1
1,3,EnsembleImprovedTDCA(alpha=0.50),22,22,14.4,14.4,1
1,3,EnsembleImprovedTDCA(alpha=0.50),23,23,15.4,15.4,1
1,3,EnsembleImprovedTDCA(alpha=0.50),24,24,8.6,8.6,1
1,3,EnsembleImprovedTDCA(alpha=0.50),25,25,9.6,9.6,1
1,3,EnsembleImprovedTDCA(alpha=0.50),26,26,10.6,10.6,1
1,3,EnsembleImprovedTDCA(alpha=0.50),27,27,11.6,11.6,1
1,3,EnsembleImprovedTDCA(alpha=0.50),28,28,12.6,12.6,1
1,3,EnsembleImprovedTDCA(alpha=0.50),29,14,13.6,14.2,0
1,3,EnsembleImprovedTDCA(alpha=0.50),30,30,14.6,14.6,1
1,3,EnsembleImprovedTDCA(alpha=0.50),31,31,15.6,15.6,1
1,3,EnsembleImprovedTDCA(alpha=0.50),32,32,8.8,8.8,1
1,3,EnsembleImprovedTDCA(alpha=0.50),33,33,9.8,9.8,1
1,3,EnsembleImprovedTDCA(alpha=0.50),34,34,10.8,10.8,1
1,3,EnsembleImprovedTDCA(alpha=0.50),35,35,11.8,11.8,1
1,3,EnsembleImprovedTDCA(alpha=0.50),36,24,12.8,8.6,0
1,3,EnsembleImprovedTDCA(alpha=0.50),37,37,13.8,13.8,1
1,3,EnsembleImprovedTDCA(alpha=0.50),38,38,14.8,14.8,1
1,3,EnsembleImprovedTDCA(alpha=0.50),39,39,15.8,15.8,1
1,4,CCA,0,25,8.0,9.6,0
1,4,CCA,1,10,9.0,10.2,0
1,4,CCA,2,9,10.0,9.2,0
1,4,CCA,3,3,11.0,11.0,1
1,4,CCA,4,10,12.0,10.2,0
1,4,CCA,5,14,13.0,14.2,0
1,4,CCA,6,5,14.0,13.0,0
1,4,CCA,7,13,15.0,13.2,0
1,4,CCA,8,25,8.2,9.6,0
1,4,CCA,9,1,9.2,9.0,0
1,4,CCA,10,4,10.2,12.0,0
1,4,CCA,11,18,11.2,10.4,0
1,4,CCA,12,12,12.2,12.2,1
1,4,CCA,13,4,13.2,12.0,0
1,4,CCA,14,5,14.2,13.0,0
1,4,CCA,15,27,15.2,11.6,0
1,4,CCA,16,16,8.4,8.4,1
1,4,CCA,17,1,9.4,9.0,0
1,4,CCA,18,26,10.4,10.6,0
1,4,CCA,19,3,11.4,11.0,0
1,4,CCA,20,35,12.4,11.8,0
1,4,CCA,21,18,13.4,10.4,0
1,4,CCA,22,7,14.4,15.0,0
1,4,CCA,23,30,15.4,14.6,0
1,4,CCA,24,16,8.6,8.4,0
1,4,CCA,25,18,9.6,10.4,0
1,4,CCA,26,34,10.6,10.8,0
1,4,CCA,27,3,11.6,11.0,0
1,4,CCA,28,27,12.6,11.6,0
1,4,CCA,29,22,13.6,14.4,0
1,4,CCA,30,0,14.6,8.0,0
1,4,CCA,31,7,15.6,15.0,0
1,4,CCA,32,37,8.8,13.8,0
1,4,CCA,33,33,9.8,9.8,1
1,4,CCA,34,25,10.8,9.6,0
1,4,CCA,35,19,11.8,11.4,0
1,4,CCA,36,13,12.8,13.2,0
1,4,CCA,37,12,13.8,12.2,0
1,4,CCA,38,6,14.8,14.0,0
1,4,CCA,39,5,15.8,13.0,0
1,4,FBCCA,0,39,8.0,15.8,0
1,4,FBCCA,1,24,9.0,8.6,0
1,4,FBCCA,2,9,10.0,9.2,0
1,4,FBCCA,3,11,11.0,11.2,0
1,4,FBCCA,4,35,12.0,11.8,0
1,4,FBCCA,5,4,13.0,12.0,0
1,4,FBCCA,6,16,14.0,8.4,0
1,4,FBCCA,7,21,15.0,13.4,0
1,4,FBCCA,8,39,8.2,15.8,0
1,4,FBCCA,9,34,9.2,10.8,0
1,4,FBCCA,10,18,10.2,10.4,0
1,4,FBCCA,11,10,11.2,10.2,0
1,4,FBCCA,12,4,12.2,12.0,0
1,4,FBCCA,13,5,13.2,13.0,0
1,4,FBCCA,14,37,14.2,13.8,0
1,4,FBCCA,15,15,15.2,15.2,1
1,4,FBCCA,16,16,8.4,8.4,1
1,4,FBCCA,17,24,9.4,8.6,0
1,4,FBCCA,18,18,10.4,10.4,1
1,4,FBCCA,19,19,11.4,11.4,1
1,4,FBCCA,20,12,12.4,12.2,0
1,4,FBCCA,21,10,13.4,10.2,0
1,4,FBCCA,22,30,14.4,14.6,0
1,4,FBCCA,23,38,15.4,14.8,0
1,4,FBCCA,24,24,8.6,8.6,1
1,4,FBCCA,25,33,9.6,9.8,0
1,4,FBCCA,26,26,10.6,10.6,1
1,4,FBCCA,27,11,11.6,11.2,0
1,4,FBCCA,28,4,12.6,12.0,0
1,4,FBCCA,29,30,13.6,14.6,0
1,4,FBCCA,30,0,14.6,8.0,0
1,4,FBCCA,31,7,15.6,15.0,0
1,4,FBCCA,32,15,8.8,15.2,0
1,4,FBCCA,33,25,9.8,9.6,0
1,4,FBCCA,34,17,10.8,9.4,0
1,4,FBCCA,35,35,11.8,11.8,1
1,4,FBCCA,36,29,12.8,13.6,0
1,4,FBCCA,37,1,13.8,9.0,0
1,4,FBCCA,38,22,14.8,14.4,0
1,4,FBCCA,39,10,15.8,10.2,0
1,4,TDCA,0,0,8.0,8.0,1
1,4,TDCA,1,1,9.0,9.0,1
1,4,TDCA,2,2,10.0,10.0,1
1,4,TDCA,3,3,11.0,11.0,1
1,4,TDCA,4,4,12.0,12.0,1
1,4,TDCA,5,5,13.0,13.0,1
1,4,TDCA,6,6,14.0,14.0,1
1,4,TDCA,7,7,15.0,15.0,1
1,4,TDCA,8,8,8.2,8.2,1
1,4,TDCA,9,9,9.2,9.2,1
1,4,TDCA,10,10,10.2,10.2,1
1,4,TDCA,11,11,11.2,11.2,1
1,4,TDCA,12,12,12.2,12.2,1
1,4,TDCA,13,13,13.2,13.2,1
1,4,TDCA,14,14,14.2,14.2,1
1,4,TDCA,15,15,15.2,15.2,1
1,4,TDCA,16,16,8.4,8.4,1
1,4,TDCA,17,17,9.4,9.4,1
1,4,TDCA,18,18,10.4,10.4,1
1,4,TDCA,19,19,11.4,11.4,1
1,4,TDCA,20,20,12.4,12.4,1
1,4,TDCA,21,21,13.4,13.4,1
1,4,TDCA,22,22,14.4,14.4,1
1,4,TDCA,23,23,15.4,15.4,1
1,4,TDCA,24,24,8.6,8.6,1
1,4,TDCA,25,25,9.6,9.6,1
1,4,TDCA,26,26,10.6,10.6,1
1,4,TDCA,27,18,11.6,10.4,0
1,4,TDCA,28,28,12.6,12.6,1
1,4,TDCA,29,29,13.6,13.6,1
1,4,TDCA,30,30,14.6,14.6,1
1,4,TDCA,31,31,15.6,15.6,1
1,4,TDCA,32,32,8.8,8.8,1
1,4,TDCA,33,33,9.8,9.8,1
1,4,TDCA,34,34,10.8,10.8,1
1,4,TDCA,35,35,11.8,11.8,1
1,4,TDCA,36,36,12.8,12.8,1
1,4,TDCA,37,37,13.8,13.8,1
1,4,TDCA,38,38,14.8,14.8,1
1,4,TDCA,39,39,15.8,15.8,1
1,4,ImprovedTDCA(alpha=0.20),0,0,8.0,8.0,1
1,4,ImprovedTDCA(alpha=0.20),1,1,9.0,9.0,1
1,4,ImprovedTDCA(alpha=0.20),2,2,10.0,10.0,1
1,4,ImprovedTDCA(alpha=0.20),3,3,11.0,11.0,1
1,4,ImprovedTDCA(alpha=0.20),4,4,12.0,12.0,1
1,4,ImprovedTDCA(alpha=0.20),5,5,13.0,13.0,1
1,4,ImprovedTDCA(alpha=0.20),6,6,14.0,14.0,1
1,4,ImprovedTDCA(alpha=0.20),7,7,15.0,15.0,1
1,4,ImprovedTDCA(alpha=0.20),8,8,8.2,8.2,1
1,4,ImprovedTDCA(alpha=0.20),9,9,9.2,9.2,1
1,4,ImprovedTDCA(alpha=0.20),10,10,10.2,10.2,1
1,4,ImprovedTDCA(alpha=0.20),11,11,11.2,11.2,1
1,4,ImprovedTDCA(alpha=0.20),12,12,12.2,12.2,1
1,4,ImprovedTDCA(alpha=0.20),13,13,13.2,13.2,1
1,4,ImprovedTDCA(alpha=0.20),14,14,14.2,14.2,1
1,4,ImprovedTDCA(alpha=0.20),15,15,15.2,15.2,1
1,4,ImprovedTDCA(alpha=0.20),16,16,8.4,8.4,1
1,4,ImprovedTDCA(alpha=0.20),17,17,9.4,9.4,1
1,4,ImprovedTDCA(alpha=0.20),18,18,10.4,10.4,1
1,4,ImprovedTDCA(alpha=0.20),19,19,11.4,11.4,1
1,4,ImprovedTDCA(alpha=0.20),20,20,12.4,12.4,1
1,4,ImprovedTDCA(alpha=0.20),21,21,13.4,13.4,1
1,4,ImprovedTDCA(alpha=0.20),22,22,14.4,14.4,1
1,4,ImprovedTDCA(alpha=0.20),23,23,15.4,15.4,1
1,4,ImprovedTDCA(alpha=0.20),24,24,8.6,8.6,1
1,4,ImprovedTDCA(alpha=0.20),25,25,9.6,9.6,1
1,4,ImprovedTDCA(alpha=0.20),26,26,10.6,10.6,1
1,4,ImprovedTDCA(alpha=0.20),27,27,11.6,11.6,1
1,4,ImprovedTDCA(alpha=0.20),28,28,12.6,12.6,1
1,4,ImprovedTDCA(alpha=0.20),29,29,13.6,13.6,1
1,4,ImprovedTDCA(alpha=0.20),30,7,14.6,15.0,0
1,4,ImprovedTDCA(alpha=0.20),31,31,15.6,15.6,1
1,4,ImprovedTDCA(alpha=0.20),32,32,8.8,8.8,1
1,4,ImprovedTDCA(alpha=0.20),33,33,9.8,9.8,1
1,4,ImprovedTDCA(alpha=0.20),34,34,10.8,10.8,1
1,4,ImprovedTDCA(alpha=0.20),35,35,11.8,11.8,1
1,4,ImprovedTDCA(alpha=0.20),36,36,12.8,12.8,1
1,4,ImprovedTDCA(alpha=0.20),37,37,13.8,13.8,1
1,4,ImprovedTDCA(alpha=0.20),38,38,14.8,14.8,1
1,4,ImprovedTDCA(alpha=0.20),39,39,15.8,15.8,1
1,4,EnsembleImprovedTDCA(alpha=0.10),0,0,8.0,8.0,1
1,4,EnsembleImprovedTDCA(alpha=0.10),1,1,9.0,9.0,1
1,4,EnsembleImprovedTDCA(alpha=0.10),2,2,10.0,10.0,1
1,4,EnsembleImprovedTDCA(alpha=0.10),3,3,11.0,11.0,1
1,4,EnsembleImprovedTDCA(alpha=0.10),4,4,12.0,12.0,1
1,4,EnsembleImprovedTDCA(alpha=0.10),5,5,13.0,13.0,1
1,4,EnsembleImprovedTDCA(alpha=0.10),6,6,14.0,14.0,1
1,4,EnsembleImprovedTDCA(alpha=0.10),7,7,15.0,15.0,1
1,4,EnsembleImprovedTDCA(alpha=0.10),8,8,8.2,8.2,1
1,4,EnsembleImprovedTDCA(alpha=0.10),9,9,9.2,9.2,1
1,4,EnsembleImprovedTDCA(alpha=0.10),10,10,10.2,10.2,1
1,4,EnsembleImprovedTDCA(alpha=0.10),11,11,11.2,11.2,1
1,4,EnsembleImprovedTDCA(alpha=0.10),12,12,12.2,12.2,1
1,4,EnsembleImprovedTDCA(alpha=0.10),13,13,13.2,13.2,1
1,4,EnsembleImprovedTDCA(alpha=0.10),14,14,14.2,14.2,1
1,4,EnsembleImprovedTDCA(alpha=0.10),15,15,15.2,15.2,1
1,4,EnsembleImprovedTDCA(alpha=0.10),16,16,8.4,8.4,1
1,4,EnsembleImprovedTDCA(alpha=0.10),17,17,9.4,9.4,1
1,4,EnsembleImprovedTDCA(alpha=0.10),18,18,10.4,10.4,1
1,4,EnsembleImprovedTDCA(alpha=0.10),19,19,11.4,11.4,1
1,4,EnsembleImprovedTDCA(alpha=0.10),20,20,12.4,12.4,1
1,4,EnsembleImprovedTDCA(alpha=0.10),21,21,13.4,13.4,1
1,4,EnsembleImprovedTDCA(alpha=0.10),22,22,14.4,14.4,1
1,4,EnsembleImprovedTDCA(alpha=0.10),23,23,15.4,15.4,1
1,4,EnsembleImprovedTDCA(alpha=0.10),24,24,8.6,8.6,1
1,4,EnsembleImprovedTDCA(alpha=0.10),25,25,9.6,9.6,1
1,4,EnsembleImprovedTDCA(alpha=0.10),26,26,10.6,10.6,1
1,4,EnsembleImprovedTDCA(alpha=0.10),27,27,11.6,11.6,1
1,4,EnsembleImprovedTDCA(alpha=0.10),28,28,12.6,12.6,1
1,4,EnsembleImprovedTDCA(alpha=0.10),29,29,13.6,13.6,1
1,4,EnsembleImprovedTDCA(alpha=0.10),30,30,14.6,14.6,1
1,4,EnsembleImprovedTDCA(alpha=0.10),31,31,15.6,15.6,1
1,4,EnsembleImprovedTDCA(alpha=0.10),32,32,8.8,8.8,1
1,4,EnsembleImprovedTDCA(alpha=0.10),33,33,9.8,9.8,1
1,4,EnsembleImprovedTDCA(alpha=0.10),34,34,10.8,10.8,1
1,4,EnsembleImprovedTDCA(alpha=0.10),35,35,11.8,11.8,1
1,4,EnsembleImprovedTDCA(alpha=0.10),36,36,12.8,12.8,1
1,4,EnsembleImprovedTDCA(alpha=0.10),37,37,13.8,13.8,1
1,4,EnsembleImprovedTDCA(alpha=0.10),38,38,14.8,14.8,1
1,4,EnsembleImprovedTDCA(alpha=0.10),39,39,15.8,15.8,1
1,5,CCA,0,8,8.0,8.2,0
1,5,CCA,1,0,9.0,8.0,0
1,5,CCA,2,10,10.0,10.2,0
1,5,CCA,3,3,11.0,11.0,1
1,5,CCA,4,4,12.0,12.0,1
1,5,CCA,5,12,13.0,12.2,0
1,5,CCA,6,17,14.0,9.4,0
1,5,CCA,7,26,15.0,10.6,0
1,5,CCA,8,10,8.2,10.2,0
1,5,CCA,9,24,9.2,8.6,0
1,5,CCA,10,10,10.2,10.2,1
1,5,CCA,11,19,11.2,11.4,0
1,5,CCA,12,27,12.2,11.6,0
1,5,CCA,13,27,13.2,11.6,0
1,5,CCA,14,18,14.2,10.4,0
1,5,CCA,15,11,15.2,11.2,0
1,5,CCA,16,35,8.4,11.8,0
1,5,CCA,17,26,9.4,10.6,0
1,5,CCA,18,26,10.4,10.6,0
1,5,CCA,19,0,11.4,8.0,0
1,5,CCA,20,4,12.4,12.0,0
1,5,CCA,21,12,13.4,12.2,0
1,5,CCA,22,21,14.4,13.4,0
1,5,CCA,23,15,15.4,15.2,0
1,5,CCA,24,1,8.6,9.0,0
1,5,CCA,25,33,9.6,9.8,0
1,5,CCA,26,21,10.6,13.4,0
1,5,CCA,27,19,11.6,11.4,0
1,5,CCA,28,36,12.6,12.8,0
1,5,CCA,29,8,13.6,8.2,0
1,5,CCA,30,37,14.6,13.8,0
1,5,CCA,31,8,15.6,8.2,0
1,5,CCA,32,17,8.8,9.4,0
1,5,CCA,33,30,9.8,14.6,0
1,5,CCA,34,9,10.8,9.2,0
1,5,CCA,35,27,11.8,11.6,0
1,5,CCA,36,20,12.8,12.4,0
1,5,CCA,37,13,13.8,13.2,0
1,5,CCA,38,17,14.8,9.4,0
1,5,CCA,39,9,15.8,9.2,0
1,5,FBCCA,0,0,8.0,8.0,1
1,5,FBCCA,1,1,9.0,9.0,1
1,5,FBCCA,2,32,10.0,8.8,0
1,5,FBCCA,3,3,11.0,11.0,1
1,5,FBCCA,4,4,12.0,12.0,1
1,5,FBCCA,5,27,13.0,11.6,0
1,5,FBCCA,6,17,14.0,9.4,0
1,5,FBCCA,7,15,15.0,15.2,0
1,5,FBCCA,8,8,8.2,8.2,1
1,5,FBCCA,9,1,9.2,9.0,0
1,5,FBCCA,10,10,10.2,10.2,1
1,5,FBCCA,11,11,11.2,11.2,1
1,5,FBCCA,12,19,12.2,11.4,0
1,5,FBCCA,13,27,13.2,11.6,0
1,5,FBCCA,14,12,14.2,12.2,0
1,5,FBCCA,15,11,15.2,11.2,0
1,5,FBCCA,16,24,8.4,8.6,0
1,5,FBCCA,17,8,9.4,8.2,0
1,5,FBCCA,18,16,10.4,8.4,0
1,5,FBCCA,19,32,11.4,8.8,0
1,5,FBCCA,20,11,12.4,11.2,0
1,5,FBCCA,21,28,13.4,12.6,0
1,5,FBCCA,22,30,14.4,14.6,0
1,5,FBCCA,23,15,15.4,15.2,0
1,5,FBCCA,24,1,8.6,9.0,0
1,5,FBCCA,25,0,9.6,8.0,0
1,5,FBCCA,26,18,10.6,10.4,0
1,5,FBCCA,27,1,11.6,9.0,0
1,5,FBCCA,28,28,12.6,12.6,1
1,5,FBCCA,29,8,13.6,8.2,0
1,5,FBCCA,30,13,14.6,13.2,0
1,5,FBCCA,31,34,15.6,10.8,0
1,5,FBCCA,32,8,8.8,8.2,0
1,5,FBCCA,33,2,9.8,10.0,0
1,5,FBCCA,34,0,10.8,8.0,0
1,5,FBCCA,35,30,11.8,14.6,0
1,5,FBCCA,36,11,12.8,11.2,0
1,5,FBCCA,37,13,13.8,13.2,0
1,5,FBCCA,38,38,14.8,14.8,1
1,5,FBCCA,39,15,15.8,15.2,0
1,5,TDCA,0,0,8.0,8.0,1
1,5,TDCA,1,1,9.0,9.0,1
1,5,TDCA,2,2,10.0,10.0,1
1,5,TDCA,3,3,11.0,11.0,1
1,5,TDCA,4,4,12.0,12.0,1
1,5,TDCA,5,5,13.0,13.0,1
1,5,TDCA,6,6,14.0,14.0,1
1,5,TDCA,7,7,15.0,15.0,1
1,5,TDCA,8,8,8.2,8.2,1
1,5,TDCA,9,9,9.2,9.2,1
1,5,TDCA,10,10,10.2,10.2,1
1,5,TDCA,11,11,11.2,11.2,1
1,5,TDCA,12,12,12.2,12.2,1
1,5,TDCA,13,13,13.2,13.2,1
1,5,TDCA,14,14,14.2,14.2,1
1,5,TDCA,15,15,15.2,15.2,1
1,5,TDCA,16,16,8.4,8.4,1
1,5,TDCA,17,17,9.4,9.4,1
1,5,TDCA,18,18,10.4,10.4,1
1,5,TDCA,19,37,11.4,13.8,0
1,5,TDCA,20,20,12.4,12.4,1
1,5,TDCA,21,21,13.4,13.4,1
1,5,TDCA,22,22,14.4,14.4,1
1,5,TDCA,23,23,15.4,15.4,1
1,5,TDCA,24,24,8.6,8.6,1
1,5,TDCA,25,25,9.6,9.6,1
1,5,TDCA,26,26,10.6,10.6,1
1,5,TDCA,27,27,11.6,11.6,1
1,5,TDCA,28,28,12.6,12.6,1
1,5,TDCA,29,29,13.6,13.6,1
1,5,TDCA,30,30,14.6,14.6,1
1,5,TDCA,31,31,15.6,15.6,1
1,5,TDCA,32,32,8.8,8.8,1
1,5,TDCA,33,33,9.8,9.8,1
1,5,TDCA,34,34,10.8,10.8,1
1,5,TDCA,35,35,11.8,11.8,1
1,5,TDCA,36,36,12.8,12.8,1
1,5,TDCA,37,37,13.8,13.8,1
1,5,TDCA,38,38,14.8,14.8,1
1,5,TDCA,39,39,15.8,15.8,1
1,5,ImprovedTDCA(alpha=0.00),0,0,8.0,8.0,1
1,5,ImprovedTDCA(alpha=0.00),1,1,9.0,9.0,1
1,5,ImprovedTDCA(alpha=0.00),2,2,10.0,10.0,1
1,5,ImprovedTDCA(alpha=0.00),3,3,11.0,11.0,1
1,5,ImprovedTDCA(alpha=0.00),4,4,12.0,12.0,1
1,5,ImprovedTDCA(alpha=0.00),5,5,13.0,13.0,1
1,5,ImprovedTDCA(alpha=0.00),6,6,14.0,14.0,1
1,5,ImprovedTDCA(alpha=0.00),7,7,15.0,15.0,1
1,5,ImprovedTDCA(alpha=0.00),8,8,8.2,8.2,1
1,5,ImprovedTDCA(alpha=0.00),9,9,9.2,9.2,1
1,5,ImprovedTDCA(alpha=0.00),10,10,10.2,10.2,1
1,5,ImprovedTDCA(alpha=0.00),11,11,11.2,11.2,1
1,5,ImprovedTDCA(alpha=0.00),12,12,12.2,12.2,1
1,5,ImprovedTDCA(alpha=0.00),13,13,13.2,13.2,1
1,5,ImprovedTDCA(alpha=0.00),14,14,14.2,14.2,1
1,5,ImprovedTDCA(alpha=0.00),15,15,15.2,15.2,1
1,5,ImprovedTDCA(alpha=0.00),16,16,8.4,8.4,1
1,5,ImprovedTDCA(alpha=0.00),17,17,9.4,9.4,1
1,5,ImprovedTDCA(alpha=0.00),18,18,10.4,10.4,1
1,5,ImprovedTDCA(alpha=0.00),19,31,11.4,15.6,0
1,5,ImprovedTDCA(alpha=0.00),20,20,12.4,12.4,1
1,5,ImprovedTDCA(alpha=0.00),21,21,13.4,13.4,1
1,5,ImprovedTDCA(alpha=0.00),22,22,14.4,14.4,1
1,5,ImprovedTDCA(alpha=0.00),23,23,15.4,15.4,1
1,5,ImprovedTDCA(alpha=0.00),24,24,8.6,8.6,1
1,5,ImprovedTDCA(alpha=0.00),25,25,9.6,9.6,1
1,5,ImprovedTDCA(alpha=0.00),26,26,10.6,10.6,1
1,5,ImprovedTDCA(alpha=0.00),27,27,11.6,11.6,1
1,5,ImprovedTDCA(alpha=0.00),28,28,12.6,12.6,1
1,5,ImprovedTDCA(alpha=0.00),29,29,13.6,13.6,1
1,5,ImprovedTDCA(alpha=0.00),30,30,14.6,14.6,1
1,5,ImprovedTDCA(alpha=0.00),31,31,15.6,15.6,1
1,5,ImprovedTDCA(alpha=0.00),32,32,8.8,8.8,1
1,5,ImprovedTDCA(alpha=0.00),33,33,9.8,9.8,1
1,5,ImprovedTDCA(alpha=0.00),34,34,10.8,10.8,1
1,5,ImprovedTDCA(alpha=0.00),35,35,11.8,11.8,1
1,5,ImprovedTDCA(alpha=0.00),36,36,12.8,12.8,1
1,5,ImprovedTDCA(alpha=0.00),37,37,13.8,13.8,1
1,5,ImprovedTDCA(alpha=0.00),38,38,14.8,14.8,1
1,5,ImprovedTDCA(alpha=0.00),39,39,15.8,15.8,1
1,5,EnsembleImprovedTDCA(alpha=0.00),0,0,8.0,8.0,1
1,5,EnsembleImprovedTDCA(alpha=0.00),1,1,9.0,9.0,1
1,5,EnsembleImprovedTDCA(alpha=0.00),2,2,10.0,10.0,1
1,5,EnsembleImprovedTDCA(alpha=0.00),3,3,11.0,11.0,1
1,5,EnsembleImprovedTDCA(alpha=0.00),4,4,12.0,12.0,1
1,5,EnsembleImprovedTDCA(alpha=0.00),5,5,13.0,13.0,1
1,5,EnsembleImprovedTDCA(alpha=0.00),6,6,14.0,14.0,1
1,5,EnsembleImprovedTDCA(alpha=0.00),7,7,15.0,15.0,1
1,5,EnsembleImprovedTDCA(alpha=0.00),8,8,8.2,8.2,1
1,5,EnsembleImprovedTDCA(alpha=0.00),9,9,9.2,9.2,1
1,5,EnsembleImprovedTDCA(alpha=0.00),10,10,10.2,10.2,1
1,5,EnsembleImprovedTDCA(alpha=0.00),11,11,11.2,11.2,1
1,5,EnsembleImprovedTDCA(alpha=0.00),12,12,12.2,12.2,1
1,5,EnsembleImprovedTDCA(alpha=0.00),13,13,13.2,13.2,1
1,5,EnsembleImprovedTDCA(alpha=0.00),14,14,14.2,14.2,1
1,5,EnsembleImprovedTDCA(alpha=0.00),15,15,15.2,15.2,1
1,5,EnsembleImprovedTDCA(alpha=0.00),16,16,8.4,8.4,1
1,5,EnsembleImprovedTDCA(alpha=0.00),17,17,9.4,9.4,1
1,5,EnsembleImprovedTDCA(alpha=0.00),18,18,10.4,10.4,1
1,5,EnsembleImprovedTDCA(alpha=0.00),19,37,11.4,13.8,0
1,5,EnsembleImprovedTDCA(alpha=0.00),20,20,12.4,12.4,1
1,5,EnsembleImprovedTDCA(alpha=0.00),21,21,13.4,13.4,1
1,5,EnsembleImprovedTDCA(alpha=0.00),22,22,14.4,14.4,1
1,5,EnsembleImprovedTDCA(alpha=0.00),23,23,15.4,15.4,1
1,5,EnsembleImprovedTDCA(alpha=0.00),24,24,8.6,8.6,1
1,5,EnsembleImprovedTDCA(alpha=0.00),25,25,9.6,9.6,1
1,5,EnsembleImprovedTDCA(alpha=0.00),26,20,10.6,12.4,0
1,5,EnsembleImprovedTDCA(alpha=0.00),27,27,11.6,11.6,1
1,5,EnsembleImprovedTDCA(alpha=0.00),28,28,12.6,12.6,1
1,5,EnsembleImprovedTDCA(alpha=0.00),29,29,13.6,13.6,1
1,5,EnsembleImprovedTDCA(alpha=0.00),30,30,14.6,14.6,1
1,5,EnsembleImprovedTDCA(alpha=0.00),31,31,15.6,15.6,1
1,5,EnsembleImprovedTDCA(alpha=0.00),32,32,8.8,8.8,1
1,5,EnsembleImprovedTDCA(alpha=0.00),33,33,9.8,9.8,1
1,5,EnsembleImprovedTDCA(alpha=0.00),34,34,10.8,10.8,1
1,5,EnsembleImprovedTDCA(alpha=0.00),35,35,11.8,11.8,1
1,5,EnsembleImprovedTDCA(alpha=0.00),36,36,12.8,12.8,1
1,5,EnsembleImprovedTDCA(alpha=0.00),37,37,13.8,13.8,1
1,5,EnsembleImprovedTDCA(alpha=0.00),38,38,14.8,14.8,1
1,5,EnsembleImprovedTDCA(alpha=0.00),39,39,15.8,15.8,1
