window_sec,block,method,accuracy,mean_margin,itr_bits_min
0.3,0,TDCA,0.875,0.7396031060741619,823.537674865997
0.3,0,ImprovedTDCA,0.875,0.8908802201797638,823.537674865997
0.3,0,AdaptiveFB-TDCA,0.8,0.78210232767955,708.5839112455101
0.3,0,MultiDelay-TDCA,0.875,0.7693028222793095,823.537674865997
0.3,0,RA-TDCA,0.875,0.7395627052584292,823.537674865997
0.3,0,Riemann-TDCA-Fusion,0.625,0.5688034436800434,477.0936519778108
0.3,0,RiemannMDM,0.025,0.3860110057459444,0.0
0.3,1,TDCA,0.8,0.7486137720990694,708.5839112455101
0.3,1,ImprovedTDCA,0.875,0.9368691267978715,823.537674865997
0.3,1,AdaptiveFB-TDCA,0.85,0.8438893679663007,783.855491468325
0.3,1,MultiDelay-TDCA,0.825,0.782260394749495,745.5933743059824
0.3,1,RA-TDCA,0.8,0.7486182094028061,708.5839112455101
0.3,1,Riemann-TDCA-Fusion,0.7,0.7407171282006989,571.003305999599
0.3,1,RiemannMDM,0.025,0.3076778240373689,0.0
0.3,2,TDCA,0.875,0.7263355404936191,823.537674865997
0.3,2,ImprovedTDCA,0.95,0.9181017295582384,954.2522053656586
0.3,2,AdaptiveFB-TDCA,0.825,0.7941214020655701,745.5933743059824
0.3,2,MultiDelay-TDCA,0.9,0.7397829359298125,864.8784558823714
0.3,2,RA-TDCA,0.875,0.7263407501177185,823.537674865997
0.3,2,Riemann-TDCA-Fusion,0.75,0.7229792742796084,637.8598831425336
0.3,2,RiemannMDM,0.025,0.2950557105939842,0.0
0.3,3,TDCA,0.8,0.6353406640923274,708.5839112455101
0.3,3,ImprovedTDCA,0.8,0.808975972260417,708.5839112455101
0.3,3,AdaptiveFB-TDCA,0.675,0.6992155571480619,538.8872502451933
0.3,3,MultiDelay-TDCA,0.825,0.6480675459131304,745.5933743059824
0.3,3,RA-TDCA,0.8,0.6353240108475251,708.5839112455101
0.3,3,Riemann-TDCA-Fusion,0.65,0.6368026044329048,507.5938525820171
0.3,3,RiemannMDM,0.0,0.3233527543412677,7.30517519781877
0.3,4,TDCA,0.875,0.7313781148195284,823.537674865997
0.3,4,ImprovedTDCA,0.8,0.8527037791721351,708.5839112455101
0.3,4,AdaptiveFB-TDCA,0.85,0.8670933302590459,783.855491468325
0.3,4,MultiDelay-TDCA,0.875,0.7537849743163154,823.537674865997
0.3,4,RA-TDCA,0.875,0.7313660961820683,823.537674865997
0.3,4,Riemann-TDCA-Fusion,0.625,0.5757917827859729,477.0936519778108
0.3,4,RiemannMDM,0.0,0.33533927478418446,7.30517519781877
0.3,5,TDCA,0.875,0.7511531150615742,823.537674865997
0.3,5,ImprovedTDCA,0.9,0.847078678143788,864.8784558823714
0.3,5,AdaptiveFB-TDCA,0.85,0.8235691284219107,783.855491468325
0.3,5,MultiDelay-TDCA,0.875,0.7701346605767126,823.537674865997
0.3,5,RA-TDCA,0.875,0.751140409869309,823.537674865997
0.3,5,Riemann-TDCA-Fusion,0.725,0.7529338715151909,603.9788612811258
0.3,5,RiemannMDM,0.05,0.38975956862561384,2.8798059704541856
0.5,0,TDCA,0.9,1.1305698057728755,518.9270735294228
0.5,0,ImprovedTDCA,0.9,1.2266752133279164,518.9270735294228
0.5,0,AdaptiveFB-TDCA,0.9,1.2583190016904848,518.9270735294228
0.5,0,MultiDelay-TDCA,0.9,1.14363374197376,518.9270735294228
0.5,0,RA-TDCA,0.9,1.1305619363825277,518.9270735294228
0.5,0,Riemann-TDCA-Fusion,0.875,1.1071957024963142,494.1226049195982
0.5,0,RiemannMDM,0.025,0.31433798271711,0.0
0.5,1,TDCA,0.9,1.0711577483712489,518.9270735294228
0.5,1,ImprovedTDCA,0.925,1.2457321803842014,544.9453661215437
0.5,1,AdaptiveFB-TDCA,0.85,1.2354690016963215,470.313294880995
0.5,1,MultiDelay-TDCA,0.9,1.0754333553117017,518.9270735294228
0.5,1,RA-TDCA,0.9,1.0711554806368815,518.9270735294228
0.5,1,Riemann-TDCA-Fusion,0.85,1.035734738669992,470.313294880995
0.5,1,RiemannMDM,0.05,0.32968665724617735,1.7278835822725114
0.5,2,TDCA,0.975,1.2309306631905783,602.5358529502963
0.5,2,ImprovedTDCA,0.975,1.5186711116446339,602.5358529502963
0.5,2,AdaptiveFB-TDCA,0.95,1.3924501959879674,572.5513232193952
0.5,2,MultiDelay-TDCA,0.975,1.2928731551878674,602.5358529502963
0.5,2,RA-TDCA,0.975,1.2309254223546635,602.5358529502963
0.5,2,Riemann-TDCA-Fusion,0.9,1.2664980649451947,518.9270735294228
0.5,2,RiemannMDM,0.025,0.2772540566604364,0.0
0.5,3,TDCA,0.875,1.225686965431341,494.1226049195982
0.5,3,ImprovedTDCA,0.875,1.3264246728169737,494.1226049195982
0.5,3,AdaptiveFB-TDCA,0.875,1.2566173506330258,494.1226049195982
0.5,3,MultiDelay-TDCA,0.875,1.274670927584916,494.1226049195982
0.5,3,RA-TDCA,0.875,1.2256701461809676,494.1226049195982
0.5,3,Riemann-TDCA-Fusion,0.85,1.1821537038026837,470.313294880995
0.5,3,RiemannMDM,0.025,0.2696304091869831,0.0
0.5,4,TDCA,0.975,1.1750223744137238,602.5358529502963
0.5,4,ImprovedTDCA,0.975,1.3878170485722052,602.5358529502963
0.5,4,AdaptiveFB-TDCA,0.975,1.3917416749420897,602.5358529502963
0.5,4,MultiDelay-TDCA,0.975,1.1953495178980205,602.5358529502963
0.5,4,RA-TDCA,0.975,1.1750031743685112,602.5358529502963
0.5,4,Riemann-TDCA-Fusion,0.95,1.2431611865054961,572.5513232193952
0.5,4,RiemannMDM,0.0,0.2752388094617131,4.383105118691262
0.5,5,TDCA,0.975,1.0972934113653063,602.5358529502963
0.5,5,ImprovedTDCA,0.975,1.2083251917440017,602.5358529502963
0.5,5,AdaptiveFB-TDCA,0.9,1.13256592081211,518.9270735294228
0.5,5,MultiDelay-TDCA,0.95,1.123505963415638,572.5513232193952
0.5,5,RA-TDCA,0.975,1.0972895276707955,602.5358529502963
0.5,5,Riemann-TDCA-Fusion,0.95,1.1142774945431841,572.5513232193952
0.5,5,RiemannMDM,0.025,0.29885248548390597,0.0
1.0,0,TDCA,1.0,2.109139605778651,319.31568569044634
1.0,0,ImprovedTDCA,1.0,2.713382971028564,319.31568569044634
1.0,0,AdaptiveFB-TDCA,1.0,2.2248600354682844,319.31568569044634
1.0,0,MultiDelay-TDCA,1.0,2.130490478446911,319.31568569044634
1.0,0,RA-TDCA,1.0,2.109134275645732,319.31568569044634
1.0,0,Riemann-TDCA-Fusion,0.975,2.1461327001797565,301.26792647514816
1.0,0,RiemannMDM,0.075,0.3651085007220208,2.917169898797116
1.0,1,TDCA,1.0,1.9446275817883367,319.31568569044634
1.0,1,ImprovedTDCA,1.0,2.451385194149121,319.31568569044634
1.0,1,AdaptiveFB-TDCA,1.0,2.0644463081245004,319.31568569044634
1.0,1,MultiDelay-TDCA,1.0,1.95074383338229,319.31568569044634
1.0,1,RA-TDCA,1.0,1.944625971245594,319.31568569044634
1.0,1,Riemann-TDCA-Fusion,1.0,1.9699706216571358,319.31568569044634
1.0,1,RiemannMDM,0.025,0.2726461261567228,0.0
1.0,2,TDCA,1.0,2.2967833283522054,319.31568569044634
1.0,2,ImprovedTDCA,1.0,2.867855192486954,319.31568569044634
1.0,2,AdaptiveFB-TDCA,1.0,2.488707381180224,319.31568569044634
1.0,2,MultiDelay-TDCA,1.0,2.3097164986583922,319.31568569044634
1.0,2,RA-TDCA,1.0,2.296787228518384,319.31568569044634
1.0,2,Riemann-TDCA-Fusion,1.0,2.3593250777793693,319.31568569044634
1.0,2,RiemannMDM,0.15,0.40938553754944423,13.169754248283052
1.0,3,TDCA,0.975,2.1163992295889344,301.26792647514816
1.0,3,ImprovedTDCA,0.975,2.600632698895597,301.26792647514816
1.0,3,AdaptiveFB-TDCA,0.975,2.262313233969217,301.26792647514816
1.0,3,MultiDelay-TDCA,0.975,2.122636028379703,301.26792647514816
1.0,3,RA-TDCA,0.975,2.116392440698913,301.26792647514816
1.0,3,Riemann-TDCA-Fusion,1.0,2.2257100252754545,319.31568569044634
1.0,3,RiemannMDM,0.075,0.3957115401303634,2.917169898797116
1.0,4,TDCA,0.975,2.329481024093536,301.26792647514816
1.0,4,ImprovedTDCA,0.975,2.7790173159406475,301.26792647514816
1.0,4,AdaptiveFB-TDCA,0.975,2.513064988705781,301.26792647514816
1.0,4,MultiDelay-TDCA,0.975,2.3458530039804053,301.26792647514816
1.0,4,RA-TDCA,0.975,2.3294762116482803,301.26792647514816
1.0,4,Riemann-TDCA-Fusion,0.975,2.3530576384415998,301.26792647514816
1.0,4,RiemannMDM,0.025,0.33539787840361346,0.0
1.0,5,TDCA,1.0,2.346447354130239,319.31568569044634
1.0,5,ImprovedTDCA,1.0,2.8837847001268866,319.31568569044634
1.0,5,AdaptiveFB-TDCA,0.975,2.4357565437814483,301.26792647514816
1.0,5,MultiDelay-TDCA,1.0,2.3442900728900673,319.31568569044634
1.0,5,RA-TDCA,1.0,2.346440970118491,319.31568569044634
1.0,5,Riemann-TDCA-Fusion,1.0,2.3404699984885466,319.31568569044634
1.0,5,RiemannMDM,0.075,0.32723408773271356,2.917169898797116
