subject,window_sec,method,accuracy,itr_bits_min,mean_margin,accuracy_std_across_blocks
1,0.3,CCA,0.049999999999999996,11.238599877860503,0.08747450921325506,0.05244044240850758
1,0.3,FBCCA,0.0625,9.761796836775924,0.23954002158617516,0.03446012188022555
1,0.3,ImprovedTDCA,0.8666666666666667,813.8956389118407,0.8757682510187023,0.05845225972250057
1,0.3,TDCA,0.85,785.2197536591681,0.72207071877338,0.038729833462074155
1,0.3,TriBranchTDCA,0.8708333333333332,824.915624286661,0.9847877418715033,0.06967184988692826
2,0.3,CCA,0.041666666666666664,2.580585267260904,0.076898977021802,0.02041241452319315
2,0.3,FBCCA,0.10416666666666667,23.712229203829693,0.20986695134835065,0.04587119648174295
2,0.3,ImprovedTDCA,0.8125,729.0499468718923,0.9699983753999337,0.05184110338331929
2,0.3,TDCA,0.8125,731.0501126042549,0.871020048265549,0.0720243014544397
2,0.3,TriBranchTDCA,0.85,786.3464705663728,1.1050612389451864,0.049999999999999996
3,0.3,CCA,0.11666666666666665,27.503201244109714,0.06037835106147391,0.025819888974716113
3,0.3,FBCCA,0.15,49.63039275852423,0.22057569120916723,0.07745966692414834
3,0.3,ImprovedTDCA,0.9333333333333332,927.8047695587406,1.128787578936289,0.05400617248673217
3,0.3,TDCA,0.9249999999999999,913.9682042992587,0.9760126844061162,0.06324555320336755
3,0.3,TriBranchTDCA,0.9541666666666666,972.8449434626008,1.3647749740305855,0.06598610964943055
4,0.3,CCA,0.09999999999999999,20.943071704367355,0.07985217393590162,0.035355339059327376
4,0.3,FBCCA,0.13749999999999998,41.65654529717573,0.2147528429833415,0.06661456297237113
4,0.3,ImprovedTDCA,0.9500000000000001,954.9129199859502,1.2724812166707646,0.015811388300841875
4,0.3,TDCA,0.9291666666666667,917.8943666603765,1.078353086897925,0.03322900339562808
4,0.3,TriBranchTDCA,0.9500000000000001,957.2711314672683,1.4752425565260692,0.027386127875258282
5,0.3,CCA,0.0625,10.539988083450188,0.0755204337377506,0.04107919181288746
5,0.3,FBCCA,0.09166666666666667,18.26779757746661,0.23118058222377846,0.03763863263545405
5,0.3,ImprovedTDCA,0.8208333333333333,741.3307897333226,0.8258725975439187,0.05103103630798288
5,0.3,TDCA,0.8208333333333333,744.0207313827515,0.7497338833687257,0.0748609822715857
5,0.3,TriBranchTDCA,0.8166666666666668,734.4963930896587,0.901954585425819,0.04082482904638628
6,0.3,CCA,0.041666666666666664,5.37981466718976,0.10700851156538427,0.03415650255319866
6,0.3,FBCCA,0.05000000000000001,4.642253129295663,0.24270884957114633,0.027386127875258306
6,0.3,ImprovedTDCA,0.6749999999999999,543.1510176718056,0.5549052336557913,0.08803408430829508
6,0.3,TDCA,0.6208333333333333,476.07769061507446,0.4928719459830358,0.08862373647430279
6,0.3,TriBranchTDCA,0.6333333333333333,492.4908724014847,0.6579171431072743,0.10206207261596575
7,0.3,CCA,0.0375,3.7981144668973656,0.08111093015329678,0.02622022120425379
7,0.3,FBCCA,0.05416666666666667,8.58216481125833,0.198972836082846,0.04005204946899306
7,0.3,ImprovedTDCA,0.6541666666666667,515.1811961537014,0.623805588295641,0.06785400995274092
7,0.3,TDCA,0.5916666666666667,441.77260775813625,0.5608753957505753,0.0917423929634859
7,0.3,TriBranchTDCA,0.6541666666666667,516.7332327988012,0.7140604259053079,0.08720187306856808
8,0.3,CCA,0.03333333333333333,3.3181468051550014,0.13682725782398011,0.025819888974716113
8,0.3,FBCCA,0.0625,9.761796836775924,0.22109018022420357,0.034460121880225555
8,0.3,ImprovedTDCA,0.6916666666666668,561.7446130588074,0.6655820139141114,0.051639777949432204
8,0.3,TDCA,0.6875,556.3299789152006,0.5938971050714986,0.05184110338331932
8,0.3,TriBranchTDCA,0.7166666666666667,597.8631410191767,0.7265715714240887,0.09309493362512627
9,0.3,CCA,0.05416666666666667,11.718567539602867,0.08451434610388037,0.05103103630798288
9,0.3,FBCCA,0.04583333333333334,9.014026999313854,0.21813728547601127,0.05342440141608202
9,0.3,ImprovedTDCA,0.6041666666666666,454.4507904567967,0.5802041677538919,0.06598610964943052
9,0.3,TDCA,0.5750000000000001,420.1048357095604,0.5325398440128617,0.05916079783099616
9,0.3,TriBranchTDCA,0.5499999999999999,394.179780600117,0.6304587261774731,0.09082951062292476
10,0.3,CCA,0.0375,6.1563259485676385,0.11266009588837993,0.034460121880225555
10,0.3,FBCCA,0.0625,11.64172062200022,0.2134570439174961,0.04677071733467427
10,0.3,ImprovedTDCA,0.7166666666666667,596.7998439766518,0.7435740768827203,0.08164965809277264
10,0.3,TDCA,0.6958333333333333,569.3766566825299,0.6573380149898921,0.08278989471346526
10,0.3,TriBranchTDCA,0.6833333333333332,550.0100714482586,0.8301603109173263,0.03027650354097488
11,0.3,CCA,0.029166666666666664,4.535676004791463,0.13974199404533752,0.029226129861250307
11,0.3,FBCCA,0.0375,1.4399029852270928,0.2734088882718173,0.013693063937629153
11,0.3,ImprovedTDCA,0.1875,71.64388261704899,0.3433068140739644,0.08023403267940607
11,0.3,TDCA,0.15833333333333333,51.81150364282994,0.3413256125414372,0.0584522597225006
11,0.3,TriBranchTDCA,0.15833333333333333,51.37054533394835,0.41418717323872195,0.056273143387113776
12,0.3,CCA,0.041666666666666664,1.919870646969457,0.16438969889910526,0.012909944487358055
12,0.3,FBCCA,0.0625,7.40358535510565,0.2529246433413736,0.02622022120425379
12,0.3,ImprovedTDCA,0.6041666666666666,453.31546979033175,0.5499257252932815,0.04587119648174297
12,0.3,TDCA,0.6083333333333333,458.8071649162328,0.4994217355182653,0.05627314338711375
12,0.3,TriBranchTDCA,0.6041666666666666,453.57598116748585,0.6261272543573418,0.05103103630798288
13,0.3,CCA,0.08750000000000001,19.822500105518753,0.13775944060995274,0.049371044145328745
13,0.3,FBCCA,0.06666666666666667,11.680670365484,0.2521156553444699,0.040824829046386304
13,0.3,ImprovedTDCA,0.7541666666666668,645.1663662093127,0.6504703342249214,0.048519755426698806
13,0.3,TDCA,0.7333333333333334,616.3621825094159,0.6460501525761612,0.04377975178854567
13,0.3,TriBranchTDCA,0.7000000000000001,572.0324956920127,0.7207628334638052,0.041833001326703805
14,0.3,CCA,0.07916666666666666,12.083791109623713,0.0713904837399595,0.024579802006254377
14,0.3,FBCCA,0.06666666666666667,11.680670365484,0.2244832452266293,0.0408248290463863
14,0.3,ImprovedTDCA,0.8166666666666668,736.7626182088917,0.8082854676105966,0.06454972243679027
14,0.3,TDCA,0.8166666666666668,736.1005850949759,0.7261932303963131,0.06055300708194984
14,0.3,TriBranchTDCA,0.8125,728.7855263628535,0.901332290210895,0.04937104414532871
15,0.3,CCA,0.0625,11.64172062200022,0.1355043118607552,0.04677071733467427
15,0.3,FBCCA,0.0375,7.258058487117669,0.22361755217148674,0.04107919181288746
15,0.3,ImprovedTDCA,0.5499999999999999,394.7096011689711,0.5301141263041336,0.09617692030835671
15,0.3,TDCA,0.5125000000000001,359.093197169058,0.49963716363518323,0.1420827223838282
15,0.3,TriBranchTDCA,0.6083333333333333,461.7059548752111,0.6066120600551442,0.09442810316143531
16,0.3,CCA,0.025000000000000005,6.854937742977955,0.04566902669436395,0.03872983346207417
16,0.3,FBCCA,0.03333333333333333,2.6574321848635543,0.20072222462072986,0.02041241452319315
16,0.3,ImprovedTDCA,0.6041666666666666,459.10942688880385,0.5247058275767663,0.11556022960632548
16,0.3,TDCA,0.6,453.2515598571024,0.5041497406959381,0.10839741694339401
16,0.3,TriBranchTDCA,0.5125,358.4325120498149,0.5528348571530556,0.13670223114492316
17,0.3,CCA,0.016666666666666666,6.490766742322022,0.08813588775993818,0.030276503540974914
17,0.3,FBCCA,0.03333333333333333,3.3181468051550014,0.21893309037272166,0.025819888974716113
17,0.3,ImprovedTDCA,0.7541666666666668,652.8771149503992,0.6519924222996564,0.1239119310908625
17,0.3,TDCA,0.7791666666666667,688.9313941440386,0.6117082640506774,0.12491663887035491
17,0.3,TriBranchTDCA,0.6833333333333332,551.838390901226,0.6952314413795212,0.06454972243679026
18,0.3,CCA,0.05416666666666667,4.681202872779444,0.07018193579596782,0.018819316317727024
18,0.3,FBCCA,0.07916666666666668,13.626541566432328,0.2169436660915641,0.03679900360969937
18,0.3,ImprovedTDCA,0.7875,695.9653876810848,0.6994815177049061,0.08624094155330171
18,0.3,TDCA,0.7458333333333332,635.1460616101795,0.5988716719078654,0.0678540099527409
18,0.3,TriBranchTDCA,0.775,676.2341778917393,0.8153837927446105,0.07071067811865474
19,0.3,CCA,0.016666666666666666,4.132555260651749,0.13244188527726622,0.020412414523193152
19,0.3,FBCCA,0.0375,3.1373998466059185,0.2481115139232941,0.020916500663351892
19,0.3,ImprovedTDCA,0.12916666666666668,33.712192080607146,0.3806534957772691,0.02922612986125029
19,0.3,TDCA,0.11666666666666665,27.503201244109714,0.3644786398887543,0.025819888974716113
19,0.3,TriBranchTDCA,0.125,31.793318551899073,0.3750498943008426,0.03162277660168379
20,0.3,CCA,0.03333333333333333,6.117376205083858,0.08396413910228943,0.037638632635454056
20,0.3,FBCCA,0.029166666666666664,4.535676004791463,0.20742302927152012,0.029226129861250307
20,0.3,ImprovedTDCA,0.5499999999999999,399.1010189832505,0.5077990848843498,0.13509256086106294
20,0.3,TDCA,0.5499999999999999,394.16074516256987,0.4766838980233215,0.09082951062292477
20,0.3,TriBranchTDCA,0.5125000000000001,356.0852855096619,0.52993395439565,0.11911129249571596
21,0.3,CCA,0.04583333333333334,6.079479030964989,0.058490437022801454,0.03322900339562814
21,0.3,FBCCA,0.04583333333333334,5.859782328932124,0.2038756416917831,0.03322900339562815
21,0.3,ImprovedTDCA,0.5416666666666666,382.6748946647139,0.5189625213643333,0.06055300708194983
21,0.3,TDCA,0.525,365.55503801832214,0.5068539664637488,0.07745966692414832
21,0.3,TriBranchTDCA,0.4291666666666667,264.540944089991,0.5160001538089868,0.03679900360969937
22,0.3,CCA,0.10416666666666667,21.80732104995086,0.10553394603708229,0.024579802006254377
22,0.3,FBCCA,0.075,11.384126745848485,0.22289680059769765,0.03162277660168379
22,0.3,ImprovedTDCA,0.9125,888.1167488691536,1.1244948560866403,0.03446012188022553
22,0.3,TDCA,0.9166666666666666,895.0068790385494,0.954851093356958,0.0302765035409749
22,0.3,TriBranchTDCA,0.9208333333333334,902.2341825363609,1.2485656598677617,0.029226129861250307
23,0.3,CCA,0.03333333333333333,8.47558768675413,0.09389988954130031,0.04377975178854566
23,0.3,FBCCA,0.075,13.099465549264503,0.22117910778513608,0.044721359549995794
23,0.3,ImprovedTDCA,0.7291666666666666,620.0277189178014,0.8213726239405692,0.1269021933091255
23,0.3,TDCA,0.7125,596.2427897629335,0.7320772283785866,0.12119199643540828
23,0.3,TriBranchTDCA,0.7416666666666667,632.0637088673757,0.9092252960638594,0.09442810316143528
24,0.3,CCA,0.06666666666666667,12.121688283742584,0.07616958504427766,0.04377975178854566
24,0.3,FBCCA,0.07916666666666666,11.74661778120803,0.21233454620768108,0.01881931631772703
24,0.3,ImprovedTDCA,0.8291666666666666,754.104434585508,0.6668215892274659,0.05103103630798289
24,0.3,TDCA,0.7833333333333333,688.8136854214303,0.6200689768941207,0.07852812659593161
24,0.3,TriBranchTDCA,0.7833333333333333,685.5945126085066,0.746104698315111,0.037638632635454035
25,0.3,CCA,0.05833333333333333,5.8218851548132555,0.08929322871766793,0.02041241452319315
25,0.3,FBCCA,0.05000000000000001,4.642253129295663,0.2412780808244136,0.027386127875258313
25,0.3,ImprovedTDCA,0.6958333333333333,568.3070794270897,0.5211326886563311,0.06967184988692827
25,0.3,TDCA,0.6791666666666667,546.7159258830408,0.48340507841863195,0.06785400995274093
25,0.3,TriBranchTDCA,0.65,509.31966214531036,0.5310650047627368,0.057008771254956875
26,0.3,CCA,0.13333333333333333,38.87146635404365,0.07801901727975817,0.0584522597225006
26,0.3,FBCCA,0.09999999999999999,22.2343735933802,0.2344559981150054,0.04743416490252569
26,0.3,ImprovedTDCA,0.7166666666666667,594.747838651712,0.5947983815503877,0.05627314338711379
26,0.3,TDCA,0.6958333333333333,568.3338297174495,0.5432218075878876,0.06967184988692829
26,0.3,TriBranchTDCA,0.7125,588.7910359787935,0.651433248676501,0.04937104414532876
27,0.3,CCA,0.05833333333333334,7.701808940037552,0.06888090166930456,0.03763863263545405
27,0.3,FBCCA,0.04583333333333334,3.7212675492947156,0.22854623592477807,0.024579802006254373
27,0.3,ImprovedTDCA,0.8208333333333333,743.5850911254821,0.7850169533072754,0.0696718498869283
27,0.3,TDCA,0.8083333333333332,723.4309413984796,0.6832336779877259,0.05627314338711379
27,0.3,TriBranchTDCA,0.8375,765.169886276687,0.8286981169591617,0.02622022120425378
28,0.3,CCA,0.04583333333333334,6.079479030964989,0.08550267836060076,0.03322900339562814
28,0.3,FBCCA,0.08333333333333333,16.159021360006392,0.2056276288441791,0.04654746681256313
28,0.3,ImprovedTDCA,0.8458333333333333,784.0843534226402,0.9415129667023722,0.08278989471346525
28,0.3,TDCA,0.8291666666666666,756.6434651382898,0.8619395635480666,0.07317217139505065
28,0.3,TriBranchTDCA,0.8416666666666667,780.0871866214194,1.0677169155392285,0.09574271077563383
29,0.3,CCA,0.0375,1.4399029852270928,0.11554645623314858,0.013693063937629155
29,0.3,FBCCA,0.04583333333333334,3.7212675492947156,0.25934730930444555,0.024579802006254373
29,0.3,ImprovedTDCA,0.47500000000000003,316.5813467623209,0.5369106725282959,0.11726039399558573
29,0.3,TDCA,0.4291666666666667,271.2022603377543,0.5053001754742651,0.11980887557550425
29,0.3,TriBranchTDCA,0.4916666666666667,331.5553432596685,0.6362699514028872,0.09574271077563382
30,0.3,CCA,0.024999999999999998,4.0557083430490986,0.10971526167710365,0.027386127875258306
30,0.3,FBCCA,0.029166666666666664,6.893887486461736,0.2144275857485938,0.036799003609699364
30,0.3,ImprovedTDCA,0.7291666666666666,611.320925700683,0.5852626117628907,0.053424401416082005
30,0.3,TDCA,0.7000000000000001,573.0195754257916,0.5531371950013128,0.05916079783099612
30,0.3,TriBranchTDCA,0.7083333333333334,583.2763985117205,0.6579262078421555,0.049159604012508754
31,0.3,CCA,0.12916666666666665,34.56247605136141,0.06262136869661061,0.040052049468993045
31,0.3,FBCCA,0.10833333333333334,25.057251698233813,0.23369020468759696,0.0408248290463863
31,0.3,ImprovedTDCA,0.9500000000000001,958.3728640058184,1.1345928029753265,0.03535533905932736
31,0.3,TDCA,0.9500000000000001,958.3728640058183,0.9958839846140958,0.03535533905932738
31,0.3,TriBranchTDCA,0.9583333333333334,973.9292035399911,1.3652757145490757,0.030276503540974876
32,0.3,CCA,0.05833333333333333,7.701808940037552,0.09012002924926045,0.03763863263545405
32,0.3,FBCCA,0.075,10.60593549917422,0.21085565861790453,0.0223606797749979
32,0.3,ImprovedTDCA,0.9125,889.0538964258958,1.0722433396430773,0.04107919181288746
32,0.3,TDCA,0.9125,892.5059905078579,0.9730439055636678,0.0647108955277239
32,0.3,TriBranchTDCA,0.9041666666666667,876.3282602702287,1.1683013154021415,0.05342440141608202
33,0.3,CCA,0.02916666666666667,2.17746452312119,0.1205661373953571,0.018819316317727028
33,0.3,FBCCA,0.041666666666666664,4.9387967489311775,0.25797028607804623,0.030276503540974914
33,0.3,ImprovedTDCA,0.4291666666666667,268.8987361417085,0.42714018203474863,0.0992681553503774
33,0.3,TDCA,0.425,265.41395074471217,0.40075242985256637,0.10488088481701516
33,0.3,TriBranchTDCA,0.3458333333333334,192.3321574305472,0.4246565093275234,0.10051948401512346
34,0.3,CCA,0.1125,25.860760651851944,0.09563982283411382,0.03061862178478972
34,0.3,FBCCA,0.075,16.23586827760904,0.21131261787142622,0.05477225575051661
34,0.3,ImprovedTDCA,0.7416666666666667,631.1452754603814,0.700897206081625,0.08755950357709132
34,0.3,TDCA,0.7166666666666667,596.8313644654548,0.6179468513129968,0.08164965809277262
34,0.3,TriBranchTDCA,0.7458333333333332,635.5368601508898,0.8122344240105853,0.07317217139505063
35,0.3,CCA,0.05000000000000001,6.40470028813714,0.1293574159789961,0.03872983346207417
35,0.3,FBCCA,0.03333333333333333,0.9599353234847285,0.23136929767280043,0.012909944487358058
35,0.3,ImprovedTDCA,0.3333333333333333,177.97873723772057,0.39164315425760066,0.060553007081949814
35,0.3,TDCA,0.3458333333333334,193.47011592153726,0.35787656296320075,0.1122682798775623
35,0.3,TriBranchTDCA,0.35000000000000003,195.53281325055002,0.4168568410289386,0.09746794344808962
1,0.5,CCA,0.13333333333333333,22.32194154363185,0.1054238361829225,0.04654746681256314
1,0.5,FBCCA,0.25416666666666665,69.71787852979068,0.2834725693033937,0.07812916655556149
1,0.5,ImprovedTDCA,0.9375,560.9337672369089,1.3189409030816555,0.04401704215414751
1,0.5,TDCA,0.9333333333333332,556.5973851382222,1.155110161424179,0.046547466812563096
1,0.5,TriBranchTDCA,0.9375,560.0704237167296,1.5808206680111845,0.03446012188022552
2,0.5,CCA,0.15,28.112906231368004,0.0966429048599085,0.05477225575051661
2,0.5,FBCCA,0.29583333333333334,91.38296797100554,0.2744502559003383,0.1133762173767791
2,0.5,ImprovedTDCA,0.9375,559.876298941604,1.4582087740184342,0.03446012188022557
2,0.5,TDCA,0.9208333333333334,541.1382055247672,1.2066198526194054,0.024579802006254363
2,0.5,TriBranchTDCA,0.9416666666666668,564.6714165663715,1.631523954547541,0.03415650255319863
3,0.5,CCA,0.32916666666666666,107.61923030654991,0.09541308080750834,0.11337621737677912
3,0.5,FBCCA,0.5666666666666667,245.89533750504657,0.3265598854573537,0.04377975178854565
3,0.5,ImprovedTDCA,0.975,605.9877760723189,2.029160340948565,0.03162277660168379
3,0.5,TDCA,0.9874999999999999,621.6021102822104,1.3946807919077167,0.020916500663351906
3,0.5,TriBranchTDCA,0.9916666666666667,626.5995319040272,2.2477384190914758,0.012909944487358055
4,0.5,CCA,0.37083333333333335,127.50922908779144,0.09710295606450621,0.08278989471346532
4,0.5,FBCCA,0.47500000000000003,187.31943590689903,0.2930771845458814,0.07071067811865472
4,0.5,ImprovedTDCA,0.9708333333333333,599.9718563338862,1.8813054670047977,0.029226129861250297
4,0.5,TDCA,0.9583333333333334,584.6221328749498,1.426944295424801,0.03415650255319864
4,0.5,TriBranchTDCA,0.975,604.5728491835281,2.059247428808988,0.022360679774997914
5,0.5,CCA,0.125,19.34326316485942,0.0846201830732649,0.03872983346207417
5,0.5,FBCCA,0.2708333333333333,77.71638973256756,0.28644935001262795,0.08575643804791959
5,0.5,ImprovedTDCA,0.9249999999999999,550.6565317057606,1.2931967447061936,0.07071067811865475
5,0.5,TDCA,0.9083333333333333,528.901830981725,1.0285720532040468,0.04082482904638629
5,0.5,TriBranchTDCA,0.9458333333333333,570.5039166951124,1.3832770119818616,0.04851975542669879
6,0.5,CCA,0.07916666666666668,7.973620942809987,0.13533960653451552,0.03322900339562815
6,0.5,FBCCA,0.1875,43.69290430908466,0.2752808115096838,0.0904848053542693
6,0.5,ImprovedTDCA,0.8624999999999999,485.6805301971824,0.961018108617568,0.07866066361276139
6,0.5,TDCA,0.8333333333333334,457.75938155144104,0.7597205961301811,0.07359800721939877
6,0.5,TriBranchTDCA,0.8708333333333332,491.263548519744,0.9721553291029607,0.043060035609212705
7,0.5,CCA,0.10416666666666667,16.692361460885152,0.11240343359022731,0.06785400995274093
7,0.5,FBCCA,0.18333333333333335,41.728225848446584,0.274608736540773,0.08612007121842542
7,0.5,ImprovedTDCA,0.8416666666666667,463.98439617439226,1.103161094101423,0.049159604012508774
7,0.5,TDCA,0.8041666666666667,429.6862708131602,0.9039350871756966,0.0430600356092127
7,0.5,TriBranchTDCA,0.8375,460.46136841911874,1.1797984698572845,0.05645794895318107
8,0.5,CCA,0.09999999999999999,12.565843022620413,0.14434035899913275,0.035355339059327376
8,0.5,FBCCA,0.07083333333333333,9.496796003968004,0.2753178686704441,0.060034712181092915
8,0.5,ImprovedTDCA,0.8208333333333333,444.74058685772314,0.9757695372490841,0.04851975542669882
8,0.5,TDCA,0.8333333333333334,455.1337134262449,0.8446017199074248,0.020412414523193152
8,0.5,TriBranchTDCA,0.8375,460.6636724161681,1.0251579740764376,0.058630196997792865
9,0.5,CCA,0.12083333333333333,19.77540386130139,0.13280300555917485,0.06208193510729725
9,0.5,FBCCA,0.17500000000000002,37.19340804173161,0.2996454742712152,0.0651920240520265
9,0.5,ImprovedTDCA,0.7041666666666666,349.5860320273646,0.7947794841065147,0.10655593210453683
9,0.5,TDCA,0.6749999999999999,326.3426502949477,0.7385146641556214,0.09617692030835669
9,0.5,TriBranchTDCA,0.7541666666666668,388.1600397764053,0.9209564430031983,0.07144345083117601
10,0.5,CCA,0.12083333333333333,21.4021600750424,0.14255417010036098,0.07971302695712079
10,0.5,FBCCA,0.15416666666666667,28.515844041850187,0.3125873060970963,0.03679900360969936
10,0.5,ImprovedTDCA,0.8583333333333334,485.1648997198809,1.138898238472447,0.09442810316143534
10,0.5,TDCA,0.8083333333333332,436.310282073123,0.9111318964158498,0.08465616732800195
10,0.5,TriBranchTDCA,0.8416666666666667,464.2516682081123,1.216076935566395,0.05400617248673213
11,0.5,CCA,0.05833333333333333,4.418781366973121,0.24511465774508612,0.034156502553198666
11,0.5,FBCCA,0.07083333333333333,10.228321502927713,0.33400493350345095,0.06598610964943051
11,0.5,ImprovedTDCA,0.3458333333333334,113.66755284315583,0.4390077019559045,0.06967184988692826
11,0.5,TDCA,0.29583333333333334,87.83160083205671,0.40248322171079165,0.053424401416082026
11,0.5,TriBranchTDCA,0.32083333333333336,101.22332492064898,0.4748108634515698,0.07651252620758685
12,0.5,CCA,0.13749999999999998,24.149295805179438,0.20333090595636985,0.054198708471697
12,0.5,FBCCA,0.22083333333333333,53.408547185098975,0.3778228501841769,0.029226129861250297
12,0.5,ImprovedTDCA,0.8833333333333333,503.06679126719587,0.9238381051018546,0.034156502553198693
12,0.5,TDCA,0.8624999999999999,483.03598666815225,0.7405494408304284,0.0379143772202578
12,0.5,TriBranchTDCA,0.8916666666666666,513.0983375342448,1.0318506755460268,0.056273143387113755
13,0.5,CCA,0.15,27.056653539222193,0.19445430546360654,0.035355339059327376
13,0.5,FBCCA,0.1708333333333333,34.02799845361306,0.3353003216563257,0.0292261298612503
13,0.5,ImprovedTDCA,0.9,519.3316815235215,1.1208281438834475,0.022360679774997918
13,0.5,TDCA,0.9249999999999999,545.4745876234539,1.033477217092888,0.022360679774997883
13,0.5,TriBranchTDCA,0.9208333333333334,542.468463792951,1.253909660587971,0.043060035609212705
14,0.5,CCA,0.19166666666666665,44.7282977075025,0.08771430090104791,0.08755950357709132
14,0.5,FBCCA,0.30416666666666664,94.15705453873773,0.2912791808765262,0.09140113055464175
14,0.5,ImprovedTDCA,0.9041666666666667,525.7366587886207,1.1327027004748793,0.05342440141608203
14,0.5,TDCA,0.9083333333333333,529.2982597539,1.0466987660648546,0.04377975178854568
14,0.5,TriBranchTDCA,0.9291666666666667,552.8314707955043,1.3623642866394932,0.055715048834822575
15,0.5,CCA,0.06666666666666667,5.593475330288236,0.17557774397974737,0.034156502553198666
15,0.5,FBCCA,0.09166666666666667,11.126538308350149,0.27094565084924555,0.0408248290463863
15,0.5,ImprovedTDCA,0.7041666666666666,347.0833528249952,0.8096312725560447,0.06003471218109289
15,0.5,TDCA,0.7083333333333334,349.78934249633204,0.7272751856229042,0.04377975178854564
15,0.5,TriBranchTDCA,0.7333333333333334,371.2383722494276,0.853684020104433,0.07691987172809547
16,0.5,CCA,0.0375,1.260370563311124,0.06758363503098519,0.020916500663351885
16,0.5,FBCCA,0.05833333333333333,3.096702320713085,0.24514648913291817,0.012909944487358053
16,0.5,ImprovedTDCA,0.7999999999999999,426.51470791471314,0.8136340910648042,0.05477225575051661
16,0.5,TDCA,0.7791666666666667,408.5718897626611,0.7570471699632836,0.057915167846313516
16,0.5,TriBranchTDCA,0.7875,418.77859716393556,0.8620332580911877,0.10216408370851274
17,0.5,CCA,0.10416666666666667,15.689672599937587,0.09363446285564343,0.06208193510729725
17,0.5,FBCCA,0.10833333333333334,14.868491257070104,0.27445842812260185,0.03763863263545405
17,0.5,ImprovedTDCA,0.9583333333333334,583.9610933518197,1.0628540301016896,0.025819888974716088
17,0.5,TDCA,0.9333333333333332,555.0730020949127,0.9795786526352263,0.030276503540974883
17,0.5,TriBranchTDCA,0.8833333333333333,503.23265102906606,1.129493578810278,0.03763863263545407
18,0.5,CCA,0.18333333333333335,39.298434703574365,0.085273501766311,0.04915960401250876
18,0.5,FBCCA,0.2833333333333333,83.65624585492455,0.2795573773453025,0.08612007121842542
18,0.5,ImprovedTDCA,0.8708333333333332,491.57141490514715,1.0564362246060437,0.0485197554266988
18,0.5,TDCA,0.8708333333333332,490.62811272710434,0.8435607771852037,0.029226129861250373
18,0.5,TriBranchTDCA,0.8624999999999999,485.2731028791998,1.0822893195077652,0.06471089552772394
19,0.5,CCA,0.05416666666666667,4.130800769927703,0.17753069008034203,0.036799003609699364
19,0.5,FBCCA,0.0375,4.354835092270601,0.3244975309663207,0.04107919181288746
19,0.5,ImprovedTDCA,0.2708333333333333,75.9189367722859,0.4120417095245257,0.048519755426698785
19,0.5,TDCA,0.2791666666666667,81.09016237767031,0.4066699973942141,0.07651252620758686
19,0.5,TriBranchTDCA,0.24166666666666667,62.792984342269015,0.4021106681571413,0.04654746681256315
20,0.5,CCA,0.06666666666666667,4.730131810108809,0.0953288062793588,0.02041241452319315
20,0.5,FBCCA,0.125,20.17834167178357,0.2755587350488053,0.049999999999999996
20,0.5,ImprovedTDCA,0.8208333333333333,451.1699603916386,0.9064738457943736,0.12591332998005678
20,0.5,TDCA,0.8083333333333332,438.36311809262753,0.7845186028323142,0.11474609652039001
20,0.5,TriBranchTDCA,0.7875,420.19381395097327,0.9535178644235067,0.1159202311936963
21,0.5,CCA,0.08333333333333333,12.914324120463315,0.08716706493079518,0.06831300510639732
21,0.5,FBCCA,0.09583333333333334,13.688079351622271,0.2873491094149004,0.06208193510729725
21,0.5,ImprovedTDCA,0.8041666666666667,429.73184289934665,0.7912583967966639,0.04587119648174291
21,0.5,TDCA,0.8083333333333332,433.0286712079807,0.6811177545021728,0.03415650255319863
21,0.5,TriBranchTDCA,0.7291666666666666,366.0424622235046,0.7702374005145075,0.029226129861250272
22,0.5,CCA,0.19166666666666665,43.04736715137523,0.10272480434025333,0.06055300708194985
22,0.5,FBCCA,0.325,103.31317173828654,0.3047194179956824,0.07582875444051551
22,0.5,ImprovedTDCA,0.9791666666666666,610.9851976941358,1.8497767912845264,0.02922612986125029
22,0.5,TDCA,0.9874999999999999,623.0170371710011,1.482490452595908,0.0306186217847897
22,0.5,TriBranchTDCA,0.9916666666666667,627.6180300206431,1.9726898480531432,0.020412414523193166
23,0.5,CCA,0.16666666666666666,34.58289342187877,0.10397049956037192,0.07011894655987544
23,0.5,FBCCA,0.30833333333333335,96.24928622355367,0.3312773694014607,0.09831920802501751
23,0.5,ImprovedTDCA,0.8833333333333333,506.88737229191014,1.2847811315298399,0.07852812659593163
23,0.5,TDCA,0.8416666666666667,465.15171475170695,0.994434232726603,0.06454972243679022
23,0.5,TriBranchTDCA,0.8541666666666666,479.2139480181188,1.3869917618443741,0.08862373647430281
24,0.5,CCA,0.15416666666666667,31.637279914378436,0.0840621563381918,0.08862373647430279
24,0.5,FBCCA,0.24583333333333335,64.47374508729675,0.2762050892866543,0.04306003560921271
24,0.5,ImprovedTDCA,0.9291666666666667,550.5424952211002,0.9047508792680826,0.033229003395628134
24,0.5,TDCA,0.9333333333333332,555.5399168429171,0.8259932559983199,0.037638632635454056
24,0.5,TriBranchTDCA,0.9541666666666666,580.6821795484378,1.1647764021947278,0.04306003560921271
25,0.5,CCA,0.22083333333333333,54.830163646713494,0.10326632960489246,0.06406377031260857
25,0.5,FBCCA,0.2625,73.35910167825661,0.2505153687072223,0.07202430145443967
25,0.5,ImprovedTDCA,0.8791666666666668,499.0985729274287,1.0048830593276292,0.03679900360969939
25,0.5,TDCA,0.8333333333333334,455.51393597406803,0.7465049108496209,0.034156502553198645
25,0.5,TriBranchTDCA,0.8666666666666667,487.0930261829274,1.026649274616016,0.040824829046386304
26,0.5,CCA,0.2833333333333333,81.76025234245823,0.07351373538399572,0.04915960401250874
26,0.5,FBCCA,0.30833333333333335,97.00179906002263,0.26256934007089117,0.11143009766964522
26,0.5,ImprovedTDCA,0.9166666666666666,543.4589917706943,0.9512177543984163,0.07527726527090808
26,0.5,TDCA,0.8916666666666666,517.6624977278695,0.8630622656916053,0.08612007121842544
26,0.5,TriBranchTDCA,0.9249999999999999,552.7324981176815,1.1345878045047784,0.07745966692414837
27,0.5,CCA,0.1125,18.158870945314813,0.07776791226549103,0.07202430145443967
27,0.5,FBCCA,0.21666666666666667,52.55264106616895,0.24954361693830487,0.05400617248673217
27,0.5,ImprovedTDCA,0.9458333333333333,571.0837650769791,1.1761801074259017,0.0430600356092127
27,0.5,TDCA,0.9291666666666667,551.968127275325,0.868961526765966,0.04851975542669876
27,0.5,TriBranchTDCA,0.9416666666666668,566.9496869753417,1.288023378864976,0.04915960401250874
28,0.5,CCA,0.11666666666666665,18.385863819786437,0.09994641959701768,0.058452259722500614
28,0.5,FBCCA,0.29583333333333334,89.41283945744935,0.3071962793037402,0.0827898947134653
28,0.5,ImprovedTDCA,0.9333333333333332,561.6698730660102,1.5943414669829654,0.07691987172809552
28,0.5,TDCA,0.9541666666666666,579.6247112531329,1.2672274041566007,0.033229003395628134
28,0.5,TriBranchTDCA,0.9583333333333334,585.4854763951292,1.6562444827745486,0.04377975178854567
29,0.5,CCA,0.041666666666666664,3.227888800313856,0.1734839663240182,0.034156502553198666
29,0.5,FBCCA,0.125,22.237438584940147,0.360732724595828,0.07416198487095663
29,0.5,ImprovedTDCA,0.7083333333333334,350.32090635906815,0.7783577244631251,0.0584522597225006
29,0.5,TDCA,0.65,308.0461936081824,0.6781944636205046,0.10368220676663858
29,0.5,TriBranchTDCA,0.7083333333333334,350.0733708913361,0.8542822532660678,0.051639777949432204
30,0.5,CCA,0.1125,15.350596629240982,0.11993550676962751,0.026220221204253782
30,0.5,FBCCA,0.125,21.95593126057584,0.2577341660494281,0.06892024376045111
30,0.5,ImprovedTDCA,0.9,520.7995345403205,0.8530312320525849,0.047434164902525694
30,0.5,TDCA,0.8916666666666666,511.86215959199166,0.7981181775377176,0.040824829046386325
30,0.5,TriBranchTDCA,0.8666666666666667,486.92716642105717,0.9403755621279424,0.037638632635454035
31,0.5,CCA,0.28750000000000003,83.47070088497885,0.07708943054001832,0.04107919181288746
31,0.5,FBCCA,0.39999999999999997,142.84314704291964,0.2843863031899694,0.0651920240520265
31,0.5,ImprovedTDCA,0.9791666666666666,609.5702708053449,1.621541407624898,0.018819316317727038
31,0.5,TDCA,0.9874999999999999,620.5836121655944,1.3941163645488919,0.013693063937629181
31,0.5,TriBranchTDCA,0.9833333333333333,615.5861905437777,1.9258258823459204,0.020412414523193173
32,0.5,CCA,0.19583333333333333,48.64116882571141,0.12727257151059834,0.10887684173719711
32,0.5,FBCCA,0.30833333333333335,98.18137834127434,0.31053553741431045,0.11902380714238084
32,0.5,ImprovedTDCA,0.9708333333333333,599.5754275617112,1.5488974741521926,0.024579802006254405
32,0.5,TDCA,0.975,603.5543510669122,1.270649995292373,0.01581138830084191
32,0.5,TriBranchTDCA,0.9666666666666667,593.5595078232785,1.6310579152364888,0.020412414523193177
33,0.5,CCA,0.049999999999999996,2.520741126622248,0.19537282928016744,0.022360679774997894
33,0.5,FBCCA,0.08750000000000001,10.177518188174712,0.3793655765702412,0.04107919181288745
33,0.5,ImprovedTDCA,0.5750000000000001,256.7411513978186,0.5882853995607082,0.13874436925511607
33,0.5,TDCA,0.5875,264.06373728721974,0.5640355746076519,0.12119199643540823
33,0.5,TriBranchTDCA,0.4708333333333334,186.65273598336157,0.5946353664412903,0.10655593210453684
34,0.5,CCA,0.19999999999999998,46.39887995222137,0.09707857539479568,0.061237243569579464
34,0.5,FBCCA,0.2625,73.21628015721751,0.27628342780828474,0.07373940601876314
34,0.5,ImprovedTDCA,0.8624999999999999,486.23413714536827,0.8652036654311028,0.08023403267940604
34,0.5,TDCA,0.8583333333333334,480.23508690569975,0.7414943505461813,0.05627314338711375
34,0.5,TriBranchTDCA,0.8791666666666668,502.26002038122937,1.122196091957582,0.07651252620758686
35,0.5,CCA,0.07083333333333333,6.938924222638541,0.17186028712222998,0.04005204946899305
35,0.5,FBCCA,0.0625,4.44215121306339,0.3171347363538136,0.02622022120425379
35,0.5,ImprovedTDCA,0.5958333333333333,269.5339421896788,0.5386178203190746,0.11556022960632549
35,0.5,TDCA,0.5583333333333333,243.99030677743644,0.49584365821302906,0.12006942436218583
35,0.5,TriBranchTDCA,0.5583333333333333,244.10226137997176,0.5996555840805156,0.12213380640374175
1,1.0,CCA,0.3666666666666667,62.153602738186464,0.20195234585636934,0.06055300708194984
1,1.0,FBCCA,0.65,153.3703282936714,0.6059596690657846,0.08062257748298553
1,1.0,ImprovedTDCA,0.9916666666666667,313.2997659520136,2.716009678771295,0.012909944487358074
1,1.0,TDCA,0.9916666666666667,313.2997659520136,2.1904796872886503,0.012909944487358074
1,1.0,TriBranchTDCA,0.9958333333333332,316.30772582123,2.8548586905350692,0.010206207261596583
2,1.0,CCA,0.6041666666666666,137.09520493345303,0.2867386178567564,0.09671694094969435
2,1.0,FBCCA,0.8416666666666667,232.87141979969212,0.978299230151173,0.07852812659593168
2,1.0,ImprovedTDCA,0.9958333333333332,316.30772582123,2.944933514685806,0.010206207261596557
2,1.0,TDCA,0.9916666666666667,313.2997659520136,2.419322656455709,0.012909944487358086
2,1.0,TriBranchTDCA,0.9916666666666667,313.2997659520136,3.184462317827941,0.012909944487358086
3,1.0,CCA,0.7458333333333332,190.7560128778326,0.35812532894144056,0.07812916655556149
3,1.0,FBCCA,0.9458333333333333,284.73735670653133,1.3408804349204326,0.03679900360969936
3,1.0,ImprovedTDCA,0.9958333333333332,316.30772582123,3.6309588126359387,0.010206207261596557
3,1.0,TDCA,0.9916666666666667,313.80901501032156,3.206818248105059,0.020412414523193183
3,1.0,TriBranchTDCA,0.9916666666666667,313.80901501032156,3.993054060490513,0.020412414523193183
4,1.0,CCA,0.8583333333333334,239.41243498982627,0.30539201109363645,0.03415650255319866
4,1.0,FBCCA,0.9125,266.971254118995,1.0020706646275683,0.04937104414532876
4,1.0,ImprovedTDCA,0.975,302.28642459176405,2.978222018206514,0.022360679774997918
4,1.0,TDCA,0.9708333333333332,299.7877137808556,2.55112032124123,0.024579802006254398
4,1.0,TriBranchTDCA,0.9833333333333333,307.79309527188883,3.564062403998429,0.020412414523193173
5,1.0,CCA,0.5458333333333333,117.93376553133776,0.21670380310358658,0.12391193109086253
5,1.0,FBCCA,0.8875000000000001,254.01797393787868,0.8336262712875935,0.0467707173346743
5,1.0,ImprovedTDCA,0.9958333333333332,316.30772582123,2.92807752243343,0.010206207261596588
5,1.0,TDCA,1.0,319.31568569044634,2.2081400907017703,0.0
5,1.0,TriBranchTDCA,1.0,319.31568569044634,3.0915940090550755,0.0
6,1.0,CCA,0.3875,71.55680213124933,0.22229771176967072,0.1663956129229374
6,1.0,FBCCA,0.6333333333333333,150.91067504326813,0.5997044851336256,0.17004901254246277
6,1.0,ImprovedTDCA,0.9791666666666666,305.2943844609804,2.5986996965148434,0.024579802006254387
6,1.0,TDCA,0.9874999999999999,310.2918060827972,1.9778757188607852,0.013693063937629184
6,1.0,TriBranchTDCA,0.9916666666666667,313.2997659520136,2.5718763266785296,0.012909944487358079
7,1.0,CCA,0.3958333333333333,71.27280105434458,0.263660290557928,0.10418333200021329
7,1.0,FBCCA,0.7000000000000001,172.37022960501648,0.7883395659785641,0.07905694150420949
7,1.0,ImprovedTDCA,0.9833333333333334,307.79309527188883,2.6108166878577763,0.020412414523193177
7,1.0,TDCA,0.975,301.7771755334561,2.024398044917408,0.01581138830084191
7,1.0,TriBranchTDCA,0.975,302.28642459176405,2.6324136321180642,0.022360679774997932
8,1.0,CCA,0.24583333333333335,34.7658906569305,0.21308713433079976,0.12491663887035492
8,1.0,FBCCA,0.3625,61.40834692045096,0.49231723256569265,0.07705517503711219
8,1.0,ImprovedTDCA,0.9666666666666667,297.30848805929173,2.044347834112676,0.03415650255319865
8,1.0,TDCA,0.9791666666666666,304.78513540267244,1.7499224237839586,0.018819316317727045
8,1.0,TriBranchTDCA,0.9708333333333333,299.47667910863515,2.1117964885735225,0.02457980200625436
9,1.0,CCA,0.4791666666666667,95.04099338997923,0.248956009209838,0.07486098227158572
9,1.0,FBCCA,0.6875,166.7755669324199,0.6246864547858063,0.04401704215414754
9,1.0,ImprovedTDCA,0.9625,294.80977724838334,2.218450879092772,0.03446012188022554
9,1.0,TDCA,0.9333333333333332,278.67563625194146,1.5856188491136767,0.04654746681256314
9,1.0,TriBranchTDCA,0.9458333333333333,284.30568494644166,2.1783946588462033,0.02457980200625436
10,1.0,CCA,0.4875,97.13418514739662,0.258098952982711,0.046770717334674264
10,1.0,FBCCA,0.6833333333333332,165.8954526148821,0.7033863003419812,0.07852812659593167
10,1.0,ImprovedTDCA,0.975,302.28642459176405,2.5904780852306435,0.022360679774997918
10,1.0,TDCA,0.9708333333333333,299.9859281669431,1.9974225022774512,0.029226129861250293
10,1.0,TriBranchTDCA,0.9791666666666666,305.2943844609804,2.671444465525338,0.0245798020062544
11,1.0,CCA,0.10416666666666667,6.757431571397926,0.32971174857378627,0.03322900339562814
11,1.0,FBCCA,0.19166666666666665,21.75110894740733,0.4652491581920238,0.06831300510639733
11,1.0,ImprovedTDCA,0.7374999999999999,186.91664019336955,0.9436524167609318,0.0607247890074556
11,1.0,TDCA,0.7083333333333334,176.41584724086582,0.7129562887302138,0.10206207261596574
11,1.0,TriBranchTDCA,0.7374999999999999,187.2812787000713,0.8186627815980208,0.0737394060187631
12,1.0,CCA,0.6791666666666667,165.5155753559635,0.3802791069884288,0.11114929899314109
12,1.0,FBCCA,0.8333333333333334,227.9735338848291,0.8790755136758946,0.04377975178854566
12,1.0,ImprovedTDCA,0.9958333333333332,316.30772582123,2.9040622466529755,0.010206207261596583
12,1.0,TDCA,0.9791666666666666,305.2943844609804,1.9865621098170838,0.0245798020062544
12,1.0,TriBranchTDCA,0.9958333333333332,316.30772582123,2.894935923992936,0.010206207261596583
13,1.0,CCA,0.4166666666666667,78.19209516306822,0.3134889142228942,0.13291601358251254
13,1.0,FBCCA,0.5625,123.57141593792903,0.650099905390651,0.12424773639789177
13,1.0,ImprovedTDCA,0.9708333333333333,299.7877137808556,2.2876934815404173,0.024579802006254405
13,1.0,TDCA,0.9874999999999999,310.2918060827972,1.867310081280151,0.013693063937629167
13,1.0,TriBranchTDCA,0.9958333333333332,316.30772582123,2.462770621443922,0.010206207261596557
14,1.0,CCA,0.6333333333333333,146.25626906691008,0.19890202190181572,0.02581988897471615
14,1.0,FBCCA,0.7875,207.91039459182946,0.6505938398553016,0.06072478900745556
14,1.0,ImprovedTDCA,0.9833333333333334,307.79309527188883,2.5250792293464794,0.020412414523193177
14,1.0,TDCA,0.9874999999999999,310.8010551411052,2.1633870082497566,0.020916500663351913
14,1.0,TriBranchTDCA,0.9916666666666667,313.2997659520136,3.038985888865963,0.012909944487358074
15,1.0,CCA,0.3333333333333333,53.95728064937695,0.28974484192329025,0.08316649966583099
15,1.0,FBCCA,0.3958333333333333,70.90780299724044,0.48542584348173334,0.09140113055464176
15,1.0,ImprovedTDCA,0.9125,267.3370168684748,1.6282491302190742,0.056457948953181084
15,1.0,TDCA,0.9208333333333334,272.711382173122,1.322947095887909,0.06406377031260858
15,1.0,TriBranchTDCA,0.8958333333333334,259.2488529336978,1.6482882464544293,0.06406377031260857
16,1.0,CCA,0.125,10.229906615260838,0.13126034605041026,0.0570087712549569
16,1.0,FBCCA,0.4041666666666666,72.84558537694492,0.47890933913669115,0.07651252620758686
16,1.0,ImprovedTDCA,0.975,302.99388803615943,1.992065560041936,0.031622776601683805
16,1.0,TDCA,0.9791666666666666,305.4925988470679,1.7567792230142167,0.02922612986125031
16,1.0,TriBranchTDCA,0.9916666666666667,313.2997659520136,2.0245260716623457,0.012909944487358055
17,1.0,CCA,0.3833333333333333,66.8471499889145,0.19088639676625116,0.06831300510639733
17,1.0,FBCCA,0.425,79.35942769534762,0.39407956999398525,0.09746794344808964
17,1.0,ImprovedTDCA,0.9874999999999999,310.2918060827972,2.2605393226602257,0.013693063937629191
17,1.0,TDCA,0.9916666666666667,313.2997659520136,2.011436961401161,0.012909944487358051
17,1.0,TriBranchTDCA,0.9833333333333333,307.79309527188883,2.2446618098017646,0.020412414523193187
18,1.0,CCA,0.425,80.87074909953573,0.1899133528051247,0.14053469322555193
18,1.0,FBCCA,0.6791666666666667,164.6377776024533,0.6169400402243804,0.09140113055464173
18,1.0,ImprovedTDCA,0.9458333333333333,284.1733795709641,2.347193771388407,0.018819316317727007
18,1.0,TDCA,0.9375,279.938149470802,1.7455119868312812,0.034460121880225555
18,1.0,TriBranchTDCA,0.9583333333333334,291.98054667590986,2.348068826401942,0.025819888974716113
19,1.0,CCA,0.13749999999999998,12.84105842932445,0.27631581129374044,0.07026734661277598
19,1.0,FBCCA,0.15833333333333333,15.050149977332596,0.4877924138393203,0.0408248290463863
19,1.0,ImprovedTDCA,0.6666666666666666,159.727639517784,1.0228099131298836,0.08612007121842541
19,1.0,TDCA,0.6625,157.6937935046319,0.8614173575275186,0.06846531968814575
19,1.0,TriBranchTDCA,0.6625,157.81307982233963,0.92644498038636,0.07373940601876314
20,1.0,CCA,0.37083333333333335,65.39089978452922,0.22457864257507595,0.13078289898402876
20,1.0,FBCCA,0.6958333333333333,170.8076303411943,0.7026514092730768,0.0812660240608993
20,1.0,ImprovedTDCA,0.9833333333333334,308.5005587162842,2.466756943367232,0.030276503540974917
20,1.0,TDCA,0.9874999999999999,310.8010551411052,2.0116943146948785,0.020916500663351906
20,1.0,TriBranchTDCA,0.9791666666666666,305.2943844609804,2.5932960256611683,0.024579802006254387
21,1.0,CCA,0.35000000000000003,60.569700053483615,0.21793510638476313,0.14491376746189438
21,1.0,FBCCA,0.4708333333333334,97.52427810724714,0.5711684948212242,0.19711460287524787
21,1.0,ImprovedTDCA,0.9791666666666666,306.00184790537577,2.2537143328390083,0.03322900339562815
21,1.0,TDCA,0.9958333333333332,316.30772582123,1.9907390753366265,0.010206207261596557
21,1.0,TriBranchTDCA,0.9958333333333332,316.30772582123,2.3084405687891887,0.010206207261596557
22,1.0,CCA,0.6458333333333334,151.47073914105837,0.3742567635866705,0.06785400995274092
22,1.0,FBCCA,0.9125,268.1612332936434,1.152325366935818,0.07541551564499174
22,1.0,ImprovedTDCA,0.9958333333333332,316.30772582123,3.37552503470012,0.010206207261596583
22,1.0,TDCA,0.9958333333333332,316.30772582123,2.863955792390709,0.010206207261596583
22,1.0,TriBranchTDCA,0.9958333333333332,316.30772582123,3.6293593369950794,0.010206207261596583
23,1.0,CCA,0.5041666666666668,103.15116227262588,0.24318997839083586,0.08575643804791956
23,1.0,FBCCA,0.8708333333333332,248.95352605959,1.1389412936535417,0.11337621737677904
23,1.0,ImprovedTDCA,0.975,302.99388803615943,2.882605448067348,0.031622776601683805
23,1.0,TDCA,0.9625,295.18672093121364,2.013843643708774,0.03446012188022553
23,1.0,TriBranchTDCA,0.9791666666666666,305.2943844609804,2.7792847711077484,0.02457980200625441
24,1.0,CCA,0.5875,131.2637554523123,0.24540596743011878,0.09714679613862726
24,1.0,FBCCA,0.7583333333333333,195.80111183131467,0.6664602823227963,0.0701189465598754
24,1.0,ImprovedTDCA,0.9958333333333332,316.30772582123,2.8303028508629047,0.010206207261596587
24,1.0,TDCA,0.9958333333333332,316.30772582123,2.073708759607836,0.010206207261596588
24,1.0,TriBranchTDCA,1.0,319.31568569044634,2.918724512495748,0.0
25,1.0,CCA,0.6833333333333332,165.5773778429751,0.2104847175568664,0.06645800679125627
25,1.0,FBCCA,0.775,202.83379944896697,0.6121636728835617,0.06892024376045111
25,1.0,ImprovedTDCA,0.9958333333333332,316.30772582123,2.6386919941912055,0.010206207261596587
25,1.0,TDCA,0.9791666666666666,305.4925988470679,1.724055196096706,0.0292261298612503
25,1.0,TriBranchTDCA,0.9916666666666667,313.2997659520136,2.665443670014328,0.012909944487358055
26,1.0,CCA,0.7708333333333334,200.44810128433275,0.22497143767481065,0.04306003560921269
26,1.0,FBCCA,0.8375,229.59907053338466,0.6202843072006063,0.030618621784789708
26,1.0,ImprovedTDCA,0.9958333333333332,316.30772582123,2.80791355529041,0.010206207261596588
26,1.0,TDCA,0.9958333333333332,316.30772582123,1.9631363257153236,0.010206207261596588
26,1.0,TriBranchTDCA,0.9958333333333332,316.30772582123,2.853422325578873,0.010206207261596588
27,1.0,CCA,0.5458333333333334,119.20756559302407,0.2247579579825408,0.1552551663123217
27,1.0,FBCCA,0.8250000000000001,223.80327770198173,0.7110985169136336,0.022360679774997862
27,1.0,ImprovedTDCA,0.9958333333333332,316.30772582123,2.967749045966958,0.010206207261596588
27,1.0,TDCA,0.9916666666666667,313.2997659520136,2.3689981819076924,0.012909944487358074
27,1.0,TriBranchTDCA,0.9958333333333332,316.30772582123,3.149463760651629,0.010206207261596588
28,1.0,CCA,0.5041666666666667,103.25754487662441,0.24861822076778828,0.09002314517204262
28,1.0,FBCCA,0.8208333333333333,222.35332427262279,0.973210782994327,0.0458711964817429
28,1.0,ImprovedTDCA,1.0,319.31568569044634,2.933187239467109,0.0
28,1.0,TDCA,0.9958333333333332,316.30772582123,2.3804141666673284,0.010206207261596583
28,1.0,TriBranchTDCA,1.0,319.31568569044634,3.166282849839557,0.0
29,1.0,CCA,0.125,10.463363989263117,0.28318760962648487,0.06123724356957946
29,1.0,FBCCA,0.37083333333333335,64.08617665556314,0.4922301975004028,0.09409658158863513
29,1.0,ImprovedTDCA,0.9333333333333332,277.73471543354384,1.8709011337144819,0.034156502553198624
29,1.0,TDCA,0.9249999999999999,273.3012709472942,1.5268148784691735,0.03872983346207415
29,1.0,TriBranchTDCA,0.9500000000000001,286.80439575735005,1.9314712536749445,0.0273861278752583
30,1.0,CCA,0.48333333333333334,95.93819733233977,0.2631138104022114,0.05400617248673218
30,1.0,FBCCA,0.6124999999999999,139.3892254340992,0.5609884019101358,0.07026734661277595
30,1.0,ImprovedTDCA,0.9666666666666667,297.8177371175997,2.354942957821318,0.037638632635454035
30,1.0,TDCA,0.9833333333333334,307.79309527188883,1.7967811092346784,0.020412414523193173
30,1.0,TriBranchTDCA,0.9708333333333333,299.9859281669431,2.25993240833037,0.02922612986125029
31,1.0,CCA,0.6916666666666668,168.7864173156327,0.2211277996010499,0.0645497224367903
31,1.0,FBCCA,0.9,259.899298135763,0.8314599659860157,0.03162277660168382
31,1.0,ImprovedTDCA,0.9958333333333332,316.30772582123,3.311271594126786,0.010206207261596588
31,1.0,TDCA,0.9916666666666667,313.2997659520136,2.6702876275968688,0.012909944487358075
31,1.0,TriBranchTDCA,0.9958333333333332,316.30772582123,3.588825380406884,0.010206207261596588
32,1.0,CCA,0.8458333333333333,237.55882036968364,0.3170096730446832,0.11556022960632549
32,1.0,FBCCA,0.8958333333333334,259.5246446180035,0.9792832082715806,0.06208193510729727
32,1.0,ImprovedTDCA,1.0,319.31568569044634,3.2219344291281544,0.0
32,1.0,TDCA,1.0,319.31568569044634,2.4061830689719312,0.0
32,1.0,TriBranchTDCA,1.0,319.31568569044634,3.3718164702918205,0.0
33,1.0,CCA,0.125,11.649730053881937,0.283072980525883,0.08803408430829504
33,1.0,FBCCA,0.2916666666666667,44.059071072247896,0.5505367355542029,0.09442810316143534
33,1.0,ImprovedTDCA,0.8291666666666666,229.34520134005132,1.233634024103279,0.11980887557550425
33,1.0,TDCA,0.7833333333333333,209.18888162345297,0.980983180923673,0.13844373104863456
33,1.0,TriBranchTDCA,0.7875,208.99097086130772,1.1072338812528792,0.09320675941153624
34,1.0,CCA,0.6749999999999999,163.58930404574613,0.25634450427682837,0.10606601717798213
34,1.0,FBCCA,0.8125,218.60671441772084,0.7284152195017594,0.04677071733467426
34,1.0,ImprovedTDCA,0.9958333333333332,316.30772582123,2.836010730881625,0.010206207261596588
34,1.0,TDCA,0.9958333333333332,316.30772582123,2.076762232974976,0.010206207261596587
34,1.0,TriBranchTDCA,1.0,319.31568569044634,3.0202407599622076,0.0
35,1.0,CCA,0.4791666666666667,94.38167394373413,0.239345674563087,0.03322900339562814
35,1.0,FBCCA,0.5166666666666667,107.16596609758737,0.5228182561081023,0.08612007121842542
35,1.0,ImprovedTDCA,0.9583333333333334,292.68801012030525,1.9603648095219874,0.034156502553198645
35,1.0,TDCA,0.9583333333333334,291.4712976176019,1.3201389853801404,0.020412414523193128
35,1.0,TriBranchTDCA,0.9791666666666666,304.78513540267244,1.827581931972859,0.018819316317727038
1,2.0,CCA,0.6416666666666667,75.01395860394054,0.5513145813629234,0.07187952884282607
1,2.0,FBCCA,0.9249999999999999,137.16962707662734,1.5797261520696741,0.049999999999999996
1,2.0,ImprovedTDCA,0.9958333333333332,158.153862910615,3.7834453438212,0.010206207261596583
1,2.0,TDCA,0.9958333333333332,158.153862910615,3.114552560638383,0.010206207261596583
1,2.0,TriBranchTDCA,0.9958333333333332,158.153862910615,3.920374322759459,0.010206207261596583
2,2.0,CCA,0.875,124.36015451432586,0.956545807443916,0.06892024376045107
2,2.0,FBCCA,0.9833333333333334,154.2502793581421,2.455585378394145,0.03027650354097491
2,2.0,ImprovedTDCA,0.9958333333333332,158.153862910615,4.102092446491885,0.010206207261596557
2,2.0,TDCA,0.9958333333333332,158.153862910615,3.315900788832107,0.010206207261596557
2,2.0,TriBranchTDCA,0.9958333333333332,158.153862910615,4.238262138630419,0.010206207261596557
3,2.0,CCA,0.9333333333333332,139.62355434905254,1.3683492675637101,0.060553007081949835
3,2.0,FBCCA,0.9916666666666667,156.6498829760068,3.350070155094945,0.012909944487358086
3,2.0,ImprovedTDCA,0.9958333333333332,158.153862910615,4.788825239397865,0.010206207261596557
3,2.0,TDCA,0.9916666666666667,156.90450750516078,4.0454274512244295,0.020412414523193183
3,2.0,TriBranchTDCA,0.9916666666666667,156.90450750516078,4.864523051869525,0.020412414523193183
4,2.0,CCA,0.9666666666666667,149.1634930879538,1.3583307439340413,0.04082482904638629
4,2.0,FBCCA,0.9874999999999999,155.1459030413986,2.80001861178269,0.013693063937629174
4,2.0,ImprovedTDCA,0.9916666666666667,156.6498829760068,4.599044833263566,0.012909944487358046
4,2.0,TDCA,0.9791666666666666,152.39256770133622,3.4000589213726875,0.01881931631772705
4,2.0,TriBranchTDCA,0.9916666666666667,156.6498829760068,4.539637826458631,0.012909944487358046
5,2.0,CCA,0.9833333333333334,153.64192310679044,1.0759418076281801,0.012909944487358077
5,2.0,FBCCA,0.9958333333333332,158.153862910615,2.754858751005537,0.010206207261596587
5,2.0,ImprovedTDCA,1.0,159.65784284522317,4.4915808947927305,0.0
5,2.0,TDCA,0.9958333333333332,158.153862910615,3.3286153964965544,0.010206207261596587
5,2.0,TriBranchTDCA,0.9958333333333332,158.153862910615,4.414903952352077,0.010206207261596587
6,2.0,CCA,0.8541666666666666,119.29287419671313,0.853214631336042,0.06967184988692826
6,2.0,FBCCA,0.975,151.66220389886223,2.035441084759267,0.03872983346207416
6,2.0,ImprovedTDCA,0.9958333333333332,158.153862910615,3.894152492119613,0.010206207261596587
6,2.0,TDCA,0.9958333333333332,158.153862910615,2.9372307650770417,0.010206207261596587
6,2.0,TriBranchTDCA,0.9958333333333332,158.153862910615,3.8557295133329483,0.010206207261596587
7,2.0,CCA,0.6124999999999999,71.08542630422642,0.7711373951598239,0.14895469109766232
7,2.0,FBCCA,0.8708333333333332,124.08274385781563,1.9930846747196405,0.10297653454387883
7,2.0,ImprovedTDCA,0.9916666666666667,156.6498829760068,3.6215331309218364,0.012909944487358046
7,2.0,TDCA,0.9916666666666667,156.6498829760068,2.9796507280824382,0.012909944487358086
7,2.0,TriBranchTDCA,0.9958333333333332,158.153862910615,3.7329074417888477,0.010206207261596583
8,2.0,CCA,0.5166666666666667,54.18020636422361,0.5323376143238178,0.12315302134607448
8,2.0,FBCCA,0.725,91.44594744600109,1.1070246559256238,0.0948683298050514
8,2.0,ImprovedTDCA,0.9916666666666667,156.6498829760068,2.7291702498491293,0.012909944487358079
8,2.0,TDCA,0.9916666666666667,156.6498829760068,2.4212492174157605,0.012909944487358079
8,2.0,TriBranchTDCA,0.9916666666666667,156.6498829760068,2.935630257920089,0.012909944487358079
9,2.0,CCA,0.6333333333333333,73.50584037197889,0.7114285764761686,0.07359800721939874
9,2.0,FBCCA,0.8916666666666666,128.24584508020203,1.7482625211296547,0.06055300708194983
9,2.0,ImprovedTDCA,0.9791666666666666,152.39256770133622,3.2588612479382832,0.018819316317727056
9,2.0,TDCA,0.9708333333333333,149.73833955431758,2.4745467430539008,0.024579802006254356
9,2.0,TriBranchTDCA,0.9833333333333334,153.64192310679044,3.1254267489601837,0.012909944487358086
10,2.0,CCA,0.9333333333333332,139.26982262685485,1.1029280845401257,0.05627314338711378
10,2.0,FBCCA,0.9791666666666666,152.74629942353394,2.2449924491363156,0.0292261298612503
10,2.0,ImprovedTDCA,0.9958333333333332,158.153862910615,3.982545207066042,0.010206207261596588
10,2.0,TDCA,0.9833333333333334,154.1511721650984,2.861927776924054,0.02581988897471614
10,2.0,TriBranchTDCA,0.9833333333333334,154.1511721650984,3.888829468874451,0.02581988897471614
11,2.0,CCA,0.32083333333333336,25.17946564395164,0.6021293602174597,0.06785400995274096
11,2.0,FBCCA,0.525,54.52163718919767,0.9344934383743174,0.041833001326703784
11,2.0,ImprovedTDCA,0.9375,140.2263755559134,2.082850127835052,0.04677071733467428
11,2.0,TDCA,0.9458333333333333,143.07614179766108,1.4857075312160957,0.04851975542669878
11,2.0,TriBranchTDCA,0.9708333333333333,149.8938568904278,1.8737553690275703,0.024579802006254398
12,2.0,CCA,0.9416666666666668,141.5721618630529,1.6554130773065383,0.04377975178854569
12,2.0,FBCCA,0.9958333333333332,158.153862910615,3.307257962877111,0.010206207261596588
12,2.0,ImprovedTDCA,0.9958333333333332,158.153862910615,4.586093193054264,0.010206207261596583
12,2.0,TDCA,0.9916666666666667,156.6498829760068,3.241698169441378,0.012909944487358074
12,2.0,TriBranchTDCA,0.9916666666666667,156.6498829760068,4.371565257112787,0.012909944487358074
13,2.0,CCA,0.8458333333333333,118.30668285082409,1.0038172684665543,0.09275864739562918
13,2.0,FBCCA,0.9333333333333332,139.33781812597073,1.9372551776551905,0.0465474668125631
13,2.0,ImprovedTDCA,0.9958333333333332,158.153862910615,3.562826996694342,0.010206207261596557
13,2.0,TDCA,0.9958333333333332,158.153862910615,2.6273266404480626,0.010206207261596583
13,2.0,TriBranchTDCA,0.9958333333333332,158.153862910615,3.4992445812022233,0.010206207261596583
14,2.0,CCA,0.9541666666666666,145.63393904299446,0.9141255541708099,0.055715048834822624
14,2.0,FBCCA,0.9791666666666666,153.1661838334704,2.028856463081262,0.04005204946899304
14,2.0,ImprovedTDCA,1.0,159.65784284522317,4.516501448560671,0.0
14,2.0,TDCA,1.0,159.65784284522317,3.104842609023811,0.0
14,2.0,TriBranchTDCA,1.0,159.65784284522317,4.339837149545796,0.0
15,2.0,CCA,0.7916666666666666,105.65954287531099,0.8678836488770951,0.09703951085339756
15,2.0,FBCCA,0.8791666666666668,125.0947105047116,1.569644131446644,0.05791516784631348
15,2.0,ImprovedTDCA,0.9833333333333334,153.89654763594442,2.8908161620517228,0.02041241452319315
15,2.0,TDCA,0.9916666666666667,156.6498829760068,2.1090060786106566,0.012909944487358051
15,2.0,TriBranchTDCA,0.9833333333333334,153.89654763594442,2.8913511599666943,0.02041241452319315
16,2.0,CCA,0.2791666666666667,21.402124582678166,0.456206991198085,0.13173521422408913
16,2.0,FBCCA,0.7208333333333333,91.31759325545579,1.3159110575157669,0.12491663887035495
16,2.0,ImprovedTDCA,0.9916666666666667,156.90450750516078,3.2359832281961283,0.020412414523193177
16,2.0,TDCA,0.9958333333333332,158.153862910615,2.941638689573242,0.010206207261596588
16,2.0,TriBranchTDCA,0.9958333333333332,158.153862910615,3.3284531112751736,0.010206207261596588
17,2.0,CCA,0.8291666666666666,113.21072082478196,0.8666336955725673,0.05791516784631354
17,2.0,FBCCA,0.85,117.85266561786854,1.4666298195702676,0.04472135954999582
17,2.0,ImprovedTDCA,0.9916666666666667,156.6498829760068,3.432040421086469,0.012909944487358046
17,2.0,TDCA,0.9916666666666667,156.6498829760068,2.9562067357088644,0.012909944487358046
17,2.0,TriBranchTDCA,0.9958333333333332,158.153862910615,3.511392810299079,0.010206207261596557
18,2.0,CCA,0.5833333333333334,66.95597021314224,0.6412834670651826,0.18280226110928352
18,2.0,FBCCA,0.7666666666666666,100.20732415682005,1.683267500831769,0.09703951085339758
18,2.0,ImprovedTDCA,0.9500000000000001,144.27492120385295,3.09322205576065,0.04743416490252569
18,2.0,TDCA,0.9541666666666666,145.19375684774215,2.4427731461385536,0.036799003609699364
18,2.0,TriBranchTDCA,0.9625,147.59336046560682,3.01126033457974,0.03446012188022555
19,2.0,CCA,0.4083333333333334,36.99193633810793,0.6757091881692622,0.07527726527090813
19,2.0,FBCCA,0.5416666666666666,59.0410268612003,0.9107519055087795,0.1602081978759722
19,2.0,ImprovedTDCA,0.9166666666666666,134.91079758637775,2.0772465861762512,0.06258327785172861
19,2.0,TDCA,0.9291666666666667,137.5694711175363,1.7299827237710328,0.029226129861250286
19,2.0,TriBranchTDCA,0.9541666666666666,145.00528500632694,1.8979146721969242,0.03679900360969935
20,2.0,CCA,0.8624999999999999,121.56013973660806,1.0387348789172175,0.08624094155330171
20,2.0,FBCCA,0.9916666666666667,156.90450750516078,2.523998291041815,0.020412414523193183
20,2.0,ImprovedTDCA,0.9958333333333332,158.153862910615,4.11528239814876,0.010206207261596583
20,2.0,TDCA,1.0,159.65784284522317,3.0399469757850706,0.0
20,2.0,TriBranchTDCA,1.0,159.65784284522317,4.033366652982995,0.0
21,2.0,CCA,0.6625,80.783741282359,0.8487543244915784,0.1602732042482461
21,2.0,FBCCA,0.8875000000000001,128.03801648686172,1.8041621900919171,0.08624094155330168
21,2.0,ImprovedTDCA,0.9958333333333332,158.153862910615,3.5586758949319814,0.010206207261596557
21,2.0,TDCA,0.9958333333333332,158.153862910615,3.0316229604888165,0.010206207261596557
21,2.0,TriBranchTDCA,0.9958333333333332,158.153862910615,3.5538653881955287,0.010206207261596557
22,2.0,CCA,0.8958333333333334,129.31014871445151,1.4001235667228364,0.057915167846313516
22,2.0,FBCCA,0.9916666666666667,156.6498829760068,3.362458689548056,0.012909944487358072
22,2.0,ImprovedTDCA,0.9958333333333332,158.153862910615,4.505346453330491,0.010206207261596583
22,2.0,TDCA,0.9958333333333332,158.153862910615,3.796348812907897,0.010206207261596583
22,2.0,TriBranchTDCA,0.9958333333333332,158.153862910615,4.50657985890859,0.010206207261596583
23,2.0,CCA,0.8791666666666668,125.47248766752331,1.0342882164573874,0.07317217139505065
23,2.0,FBCCA,0.9708333333333333,149.99296408347155,2.877786205362925,0.02922612986125031
23,2.0,ImprovedTDCA,0.9958333333333332,158.153862910615,4.220490804138947,0.010206207261596557
23,2.0,TDCA,0.9874999999999999,155.4005275705526,2.809524199373312,0.020916500663351913
23,2.0,TriBranchTDCA,0.9916666666666667,156.90450750516078,3.4871146501947146,0.020412414523193183
24,2.0,CCA,0.8458333333333333,116.9688939818243,1.1015232652698106,0.051031036307982884
24,2.0,FBCCA,0.9833333333333333,153.89654763594442,2.622711188629171,0.020412414523193187
24,2.0,ImprovedTDCA,1.0,159.65784284522317,4.26059512388765,0.0
24,2.0,TDCA,0.9916666666666667,156.6498829760068,3.263495884934837,0.012909944487358074
24,2.0,TriBranchTDCA,0.9958333333333332,158.153862910615,4.230014589479863,0.010206207261596583
25,2.0,CCA,0.9833333333333334,153.64192310679044,1.0702082766713714,0.012909944487358061
25,2.0,FBCCA,1.0,159.65784284522317,2.3354545232143122,0.0
25,2.0,ImprovedTDCA,1.0,159.65784284522317,4.500737678113583,0.0
25,2.0,TDCA,0.9958333333333332,158.153862910615,2.986478108448537,0.010206207261596557
25,2.0,TriBranchTDCA,1.0,159.65784284522317,4.180374039453025,0.0
26,2.0,CCA,0.9625,147.23962874340916,1.1195616639318662,0.026220221204253758
26,2.0,FBCCA,0.9791666666666666,152.39256770133622,2.3005018416447824,0.01881931631772704
26,2.0,ImprovedTDCA,0.9916666666666667,156.6498829760068,4.635796905750641,0.012909944487358074
26,2.0,TDCA,0.9874999999999999,155.1459030413986,3.178469087023887,0.013693063937629174
26,2.0,TriBranchTDCA,0.9916666666666667,156.6498829760068,4.359602480586925,0.012909944487358074
27,2.0,CCA,0.9166666666666666,135.5277188917158,1.1262220343186808,0.0816496580927726
27,2.0,FBCCA,0.9958333333333332,158.153862910615,2.7800801134031428,0.010206207261596588
27,2.0,ImprovedTDCA,0.9958333333333332,158.153862910615,4.2871507876141655,0.010206207261596588
27,2.0,TDCA,0.9958333333333332,158.153862910615,3.561683766442817,0.010206207261596588
27,2.0,TriBranchTDCA,0.9958333333333332,158.153862910615,4.429492408156932,0.010206207261596588
28,2.0,CCA,0.7166666666666667,90.09978969389039,0.8751601629494248,0.11583033569262702
28,2.0,FBCCA,0.975,151.66220389886223,2.8092239995071266,0.038729833462074155
28,2.0,ImprovedTDCA,1.0,159.65784284522317,4.074579040112317,0.0
28,2.0,TDCA,1.0,159.65784284522317,3.231143454345388,0.0
28,2.0,TriBranchTDCA,1.0,159.65784284522317,4.089336174087984,0.0
29,2.0,CCA,0.4083333333333334,36.65979216288374,0.5975846229639122,0.03415650255319864
29,2.0,FBCCA,0.7708333333333334,100.11036183917042,1.3055008533844432,0.029226129861250325
29,2.0,ImprovedTDCA,0.9791666666666666,152.6471922304902,2.947586327796538,0.024579802006254398
29,2.0,TDCA,0.9874999999999999,155.4005275705526,2.3483312994689185,0.020916500663351895
29,2.0,TriBranchTDCA,0.9916666666666667,156.6498829760068,3.0820900339339836,0.012909944487358046
30,2.0,CCA,0.8833333333333333,126.7435536591233,1.180105258954925,0.08465616732800199
30,2.0,FBCCA,0.9500000000000001,143.6180337587199,2.2144278089266836,0.03872983346207414
30,2.0,ImprovedTDCA,0.9916666666666667,156.6498829760068,3.6579662517329954,0.012909944487358055
30,2.0,TDCA,1.0,159.65784284522317,2.8432099237149626,0.0
30,2.0,TriBranchTDCA,1.0,159.65784284522317,3.47442962612863,0.0
31,2.0,CCA,0.975,151.14321229588202,0.9429555530915031,0.02236067977499795
31,2.0,FBCCA,0.9958333333333332,158.153862910615,2.3974746442747317,0.010206207261596583
31,2.0,ImprovedTDCA,1.0,159.65784284522317,4.797056501991523,0.0
31,2.0,TDCA,0.9916666666666667,156.6498829760068,3.542189392631361,0.012909944487358075
31,2.0,TriBranchTDCA,0.9958333333333332,158.153862910615,4.674447697209312,0.010206207261596588
32,2.0,CCA,0.9791666666666666,152.74629942353394,1.3068533567596339,0.029226129861250297
32,2.0,FBCCA,1.0,159.65784284522317,2.937023998785692,0.0
32,2.0,ImprovedTDCA,1.0,159.65784284522317,4.355761440604747,0.0
32,2.0,TDCA,1.0,159.65784284522317,3.1013178062096762,0.0
32,2.0,TriBranchTDCA,1.0,159.65784284522317,4.188454958972728,0.0
33,2.0,CCA,0.37083333333333335,32.42177855370051,0.5911728691211596,0.11663690096477472
33,2.0,FBCCA,0.6041666666666666,70.12687199245877,1.0981636121727854,0.17422447206597202
33,2.0,ImprovedTDCA,0.9416666666666665,142.02315796691724,2.1290897792791594,0.06258327785172865
33,2.0,TDCA,0.9333333333333332,139.94767317799494,1.6404890224508109,0.07187952884282607
33,2.0,TriBranchTDCA,0.9583333333333334,146.62599362793625,1.8856089569851655,0.04654746681256312
34,2.0,CCA,0.9833333333333334,153.64192310679044,1.1396455874337024,0.012909944487358079
34,2.0,FBCCA,0.9916666666666667,156.6498829760068,2.4308590174640368,0.012909944487358051
34,2.0,ImprovedTDCA,1.0,159.65784284522317,4.2362819833677925,0.0
34,2.0,TDCA,1.0,159.65784284522317,2.8512036236935305,0.0
34,2.0,TriBranchTDCA,1.0,159.65784284522317,4.07854511712918,0.0
35,2.0,CCA,0.9458333333333333,142.95941311065997,0.9912518794516818,0.04306003560921271
35,2.0,FBCCA,0.9666666666666667,148.74360867801732,1.8283151137350728,0.03027650354097492
35,2.0,ImprovedTDCA,0.9958333333333332,158.153862910615,3.4073790353087943,0.010206207261596583
35,2.0,TDCA,0.9916666666666667,156.6498829760068,2.141739670045574,0.012909944487358051
35,2.0,TriBranchTDCA,0.9958333333333332,158.153862910615,3.1255799579096935,0.010206207261596557
1,4.0,CCA,0.7833333333333333,51.58525239931321,1.4381034024623631,0.0664580067912563
1,4.0,FBCCA,0.9916666666666667,78.45225375258039,3.244474121050876,0.020412414523193177
1,4.0,ImprovedTDCA,0.9958333333333332,79.0769314553075,4.412312334047752,0.010206207261596583
1,4.0,TDCA,0.9958333333333332,79.0769314553075,4.311799475140533,0.010206207261596583
1,4.0,TriBranchTDCA,0.9958333333333332,79.0769314553075,4.6093138226359125,0.010206207261596583
2,4.0,CCA,0.9708333333333333,75.44165445130342,2.8020520508997477,0.051031036307982884
2,4.0,FBCCA,1.0,79.82892142261159,4.480753164019183,0.0
2,4.0,ImprovedTDCA,0.9958333333333332,79.0769314553075,4.850152542317637,0.010206207261596557
2,4.0,TDCA,0.9916666666666667,78.3249414880034,4.244318754306506,0.012909944487358051
2,4.0,TriBranchTDCA,0.9916666666666667,78.3249414880034,4.806326225714579,0.012909944487358051
3,4.0,CCA,0.9833333333333334,77.12513967907105,3.3799256102475836,0.030276503540974907
3,4.0,FBCCA,0.9958333333333332,79.0769314553075,5.056998245642926,0.010206207261596583
3,4.0,ImprovedTDCA,1.0,79.82892142261159,5.204726284082473,0.0
3,4.0,TDCA,0.9916666666666667,78.45225375258039,4.563509616711229,0.020412414523193183
3,4.0,TriBranchTDCA,0.9958333333333332,79.0769314553075,5.141846084657971,0.010206207261596557
4,4.0,CCA,0.9916666666666667,78.3249414880034,3.713383145927532,0.012909944487358074
4,4.0,FBCCA,0.9958333333333332,79.0769314553075,4.743235858444587,0.010206207261596583
4,4.0,ImprovedTDCA,1.0,79.82892142261159,4.945060120665463,0.0
4,4.0,TDCA,0.9916666666666667,78.3249414880034,4.040750513403411,0.012909944487358086
4,4.0,TriBranchTDCA,0.9916666666666667,78.3249414880034,4.852426607587966,0.012909944487358086
5,4.0,CCA,1.0,79.82892142261159,3.502010842136762,0.0
5,4.0,FBCCA,1.0,79.82892142261159,4.9989159260034475,0.0
5,4.0,ImprovedTDCA,1.0,79.82892142261159,5.192852899254063,0.0
5,4.0,TDCA,1.0,79.82892142261159,4.426482062772116,0.0
5,4.0,TriBranchTDCA,1.0,79.82892142261159,5.103830205980784,0.0
6,4.0,CCA,0.9916666666666667,78.3249414880034,3.1424253116187972,0.012909944487358079
6,4.0,FBCCA,1.0,79.82892142261159,4.163572905307059,0.0
6,4.0,ImprovedTDCA,0.9958333333333332,79.0769314553075,4.643031819953652,0.010206207261596587
6,4.0,TDCA,0.9958333333333332,79.0769314553075,4.228823391243169,0.010206207261596587
6,4.0,TriBranchTDCA,0.9958333333333332,79.0769314553075,4.5917357635497575,0.010206207261596587
7,4.0,CCA,0.9,65.5593915863338,2.097985828069439,0.08215838362577484
7,4.0,FBCCA,0.9916666666666667,78.3249414880034,3.7249011946919395,0.012909944487358051
7,4.0,ImprovedTDCA,0.9958333333333332,79.0769314553075,4.500555229370764,0.010206207261596583
7,4.0,TDCA,0.9958333333333332,79.0769314553075,4.081872304900063,0.010206207261596583
7,4.0,TriBranchTDCA,0.9958333333333332,79.0769314553075,4.547026481262787,0.010206207261596583
8,4.0,CCA,0.8291666666666666,56.85477702997398,1.6727539203584258,0.08720187306856811
8,4.0,FBCCA,0.9416666666666668,70.88426671888163,2.5599803251849873,0.06055300708194982
8,4.0,ImprovedTDCA,0.9958333333333332,79.0769314553075,3.554592886187825,0.010206207261596588
8,4.0,TDCA,0.9916666666666667,78.3249414880034,3.354180345896973,0.012909944487358079
8,4.0,TriBranchTDCA,0.9916666666666667,78.3249414880034,3.7191847212873808,0.012909944487358079
9,4.0,CCA,0.7666666666666666,49.9480393922971,1.846026064079992,0.0875595035770913
9,4.0,FBCCA,0.9874999999999999,77.7002637852763,3.446796097099176,0.020916500663351906
9,4.0,ImprovedTDCA,0.9833333333333333,76.94827381797221,4.021268910910273,0.020412414523193173
9,4.0,TDCA,0.9916666666666667,78.3249414880034,3.3603317106738153,0.012909944487358074
9,4.0,TriBranchTDCA,0.9874999999999999,77.7002637852763,3.903867630393132,0.020916500663351927
10,4.0,CCA,0.9916666666666667,78.3249414880034,3.538234028713157,0.012909944487358068
10,4.0,FBCCA,1.0,79.82892142261159,4.472151730797607,0.0
10,4.0,ImprovedTDCA,0.9958333333333332,79.0769314553075,4.717435013492906,0.010206207261596588
10,4.0,TDCA,0.9874999999999999,77.7002637852763,3.8196371743685784,0.02091650066335192
10,4.0,TriBranchTDCA,0.9958333333333332,79.0769314553075,4.488856924067969,0.010206207261596588
11,4.0,CCA,0.85,59.03733127827067,1.820350190426139,0.05477225575051656
11,4.0,FBCCA,0.9291666666666667,69.01115501638886,2.7034187193542762,0.040052049468993045
11,4.0,ImprovedTDCA,0.9916666666666667,78.3249414880034,3.4812664679416803,0.012909944487358074
11,4.0,TDCA,0.9958333333333332,79.0769314553075,3.0539642361899797,0.010206207261596588
11,4.0,TriBranchTDCA,0.9958333333333332,79.0769314553075,3.320924435766474,0.010206207261596588
12,4.0,CCA,0.9833333333333333,76.94827381797221,4.09374264201064,0.020412414523193187
12,4.0,FBCCA,1.0,79.82892142261159,5.227355018768648,0.0
12,4.0,ImprovedTDCA,1.0,79.82892142261159,5.245452100817881,0.0
12,4.0,TDCA,0.9916666666666667,78.3249414880034,4.271224548172843,0.012909944487358074
12,4.0,TriBranchTDCA,1.0,79.82892142261159,4.963546230877452,0.0
13,4.0,CCA,0.9874999999999999,77.7002637852763,2.94466429966459,0.02091650066335192
13,4.0,FBCCA,0.9958333333333332,79.0769314553075,3.8481517842558155,0.010206207261596557
13,4.0,ImprovedTDCA,0.9958333333333332,79.0769314553075,4.102550987688491,0.010206207261596557
13,4.0,TDCA,0.9874999999999999,77.5729515206993,3.4451011804500506,0.013693063937629167
13,4.0,TriBranchTDCA,0.9958333333333332,79.0769314553075,3.963474828565843,0.010206207261596557
14,4.0,CCA,0.9958333333333332,79.0769314553075,4.1807758909664825,0.010206207261596588
14,4.0,FBCCA,0.9958333333333332,79.0769314553075,5.122416609599491,0.010206207261596588
14,4.0,ImprovedTDCA,1.0,79.82892142261159,5.336308690620197,0.0
14,4.0,TDCA,0.9916666666666667,78.3249414880034,4.521720400877401,0.012909944487358074
14,4.0,TriBranchTDCA,0.9958333333333332,79.0769314553075,5.160127491588706,0.010206207261596588
15,4.0,CCA,0.9916666666666667,78.45225375258039,2.980228474597007,0.020412414523193183
15,4.0,FBCCA,0.9916666666666667,78.45225375258039,3.7802272112678446,0.020412414523193183
15,4.0,ImprovedTDCA,1.0,79.82892142261159,4.230023560362263,0.0
15,4.0,TDCA,0.9916666666666667,78.3249414880034,3.334114874824875,0.012909944487358046
15,4.0,TriBranchTDCA,1.0,79.82892142261159,4.028156528291141,0.0
16,4.0,CCA,0.4916666666666667,26.965874873901978,0.999901187499917,0.24983327774070982
16,4.0,FBCCA,0.9583333333333334,73.87742014147035,2.807867293418301,0.07852812659593164
16,4.0,ImprovedTDCA,0.9958333333333332,79.0769314553075,4.099922404926151,0.010206207261596583
16,4.0,TDCA,1.0,79.82892142261159,3.794574050841348,0.0
16,4.0,TriBranchTDCA,1.0,79.82892142261159,4.160884408729042,0.0
17,4.0,CCA,0.975,75.44429388336403,2.8409285749971454,0.015811388300841982
17,4.0,FBCCA,0.9958333333333332,79.0769314553075,3.6642180897607624,0.010206207261596588
17,4.0,ImprovedTDCA,0.9958333333333332,79.0769314553075,4.533189125026889,0.010206207261596583
17,4.0,TDCA,0.9958333333333332,79.0769314553075,4.155378776069229,0.010206207261596583
17,4.0,TriBranchTDCA,0.9958333333333332,79.0769314553075,4.449311180399223,0.010206207261596583
18,4.0,CCA,0.775,51.535973794417906,1.8715137872659173,0.13509256086106297
18,4.0,FBCCA,0.9125,66.91368369119864,3.2477063462519484,0.0647108955277239
18,4.0,ImprovedTDCA,0.9666666666666667,74.68966448399932,3.7355770134308273,0.04915960401250875
18,4.0,TDCA,0.9708333333333333,75.31434218672644,3.385189927226504,0.048519755426698806
18,4.0,TriBranchTDCA,0.9666666666666667,74.68966448399932,3.7872652726933715,0.04915960401250875
19,4.0,CCA,0.8458333333333333,58.36204522775171,1.859479145730769,0.0292261298612503
19,4.0,FBCCA,0.9416666666666668,70.91473134178266,2.574022909697229,0.05400617248673217
19,4.0,ImprovedTDCA,0.9958333333333332,79.0769314553075,3.6684360221822874,0.010206207261596588
19,4.0,TDCA,0.9958333333333332,79.0769314553075,2.968627358424138,0.010206207261596588
19,4.0,TriBranchTDCA,1.0,79.82892142261159,3.323563024469051,0.0
20,4.0,CCA,0.9916666666666667,78.3249414880034,3.206796562869913,0.012909944487358074
20,4.0,FBCCA,0.9958333333333332,79.0769314553075,4.649266568664891,0.010206207261596583
20,4.0,ImprovedTDCA,1.0,79.82892142261159,4.9794203210470505,0.0
20,4.0,TDCA,1.0,79.82892142261159,4.1366036504491435,0.0
20,4.0,TriBranchTDCA,1.0,79.82892142261159,4.841421668992982,0.0
21,4.0,CCA,0.6916666666666668,42.23969337547508,1.6582837191145607,0.07187952884282611
21,4.0,FBCCA,0.9708333333333333,75.12379430631275,3.254635900138336,0.03322900339562815
21,4.0,ImprovedTDCA,1.0,79.82892142261159,4.376499746271408,0.0
21,4.0,TDCA,0.9958333333333332,79.0769314553075,4.051511022773364,0.010206207261596557
21,4.0,TriBranchTDCA,0.9958333333333332,79.0769314553075,4.319549169146072,0.010206207261596557
22,4.0,CCA,0.9583333333333334,73.43149833156643,2.743162207159509,0.04654746681256308
22,4.0,FBCCA,1.0,79.82892142261159,4.758075022820459,0.0
22,4.0,ImprovedTDCA,0.9958333333333332,79.0769314553075,5.136352918642548,0.010206207261596583
22,4.0,TDCA,0.9958333333333332,79.0769314553075,4.693372138670262,0.010206207261596583
22,4.0,TriBranchTDCA,0.9958333333333332,79.0769314553075,5.116772486220731,0.010206207261596583
23,4.0,CCA,0.9583333333333334,73.82845529029143,3.1261151269868406,0.06645800679125625
23,4.0,FBCCA,0.9916666666666667,78.45225375258039,4.569284030019056,0.020412414523193183
23,4.0,ImprovedTDCA,0.9916666666666667,78.3249414880034,4.706687127149562,0.012909944487358046
23,4.0,TDCA,0.9874999999999999,77.7002637852763,3.948374039791432,0.020916500663351913
23,4.0,TriBranchTDCA,0.9874999999999999,77.7002637852763,4.708222516190396,0.020916500663351913
24,4.0,CCA,0.9458333333333333,71.57114724269992,2.752802641961768,0.051031036307982884
24,4.0,FBCCA,1.0,79.82892142261159,4.6644676564599195,0.0
24,4.0,ImprovedTDCA,1.0,79.82892142261159,5.040330270009377,0.0
24,4.0,TDCA,0.9916666666666667,78.3249414880034,4.191321530295888,0.012909944487358074
24,4.0,TriBranchTDCA,0.9958333333333332,79.0769314553075,4.894455423364462,0.010206207261596583
25,4.0,CCA,0.9958333333333332,79.0769314553075,3.9371580998984483,0.010206207261596588
25,4.0,FBCCA,0.9958333333333332,79.0769314553075,4.9332095354205885,0.010206207261596588
25,4.0,ImprovedTDCA,0.9958333333333332,79.0769314553075,5.094227794304557,0.010206207261596588
25,4.0,TDCA,0.9958333333333332,79.0769314553075,4.148902719275981,0.010206207261596588
25,4.0,TriBranchTDCA,0.9958333333333332,79.0769314553075,4.884574102552356,0.010206207261596588
26,4.0,CCA,1.0,79.82892142261159,4.020083408613783,0.0
26,4.0,FBCCA,1.0,79.82892142261159,4.960371590957912,0.0
26,4.0,ImprovedTDCA,1.0,79.82892142261159,5.168948382277694,0.0
26,4.0,TDCA,0.9874999999999999,77.5729515206993,4.290912721399862,0.013693063937629181
26,4.0,TriBranchTDCA,0.9958333333333332,79.0769314553075,5.009862162151244,0.010206207261596583
27,4.0,CCA,0.9833333333333334,77.0755860825492,2.7076906653264365,0.025819888974716158
27,4.0,FBCCA,0.9958333333333332,79.0769314553075,4.4644699016566785,0.010206207261596588
27,4.0,ImprovedTDCA,0.9958333333333332,79.0769314553075,5.041097098171125,0.010206207261596588
27,4.0,TDCA,0.9958333333333332,79.0769314553075,4.513840984522647,0.010206207261596588
27,4.0,TriBranchTDCA,0.9958333333333332,79.0769314553075,5.052503287242196,0.010206207261596588
28,4.0,CCA,0.8208333333333333,55.65604335611621,1.842098746671449,0.057915167846313516
28,4.0,FBCCA,0.9958333333333332,79.0769314553075,4.10312413666154,0.010206207261596587
28,4.0,ImprovedTDCA,0.9958333333333332,79.0769314553075,4.458739560582498,0.010206207261596587
28,4.0,TDCA,0.9958333333333332,79.0769314553075,3.9468372864579297,0.010206207261596587
28,4.0,TriBranchTDCA,0.9958333333333332,79.0769314553075,4.627877277792426,0.010206207261596587
29,4.0,CCA,0.7041666666666666,43.38187858436047,1.3026482889962565,0.05791516784631353
29,4.0,FBCCA,0.9666666666666667,74.37180433900866,2.6092351914358445,0.0302765035409749
29,4.0,ImprovedTDCA,1.0,79.82892142261159,4.095915982742338,0.0
29,4.0,TDCA,0.9958333333333332,79.0769314553075,3.7376662566896113,0.010206207261596583
29,4.0,TriBranchTDCA,0.9958333333333332,79.0769314553075,4.211319320841842,0.010206207261596583
30,4.0,CCA,0.9791666666666666,76.50046197634394,3.3522571920193953,0.033229003395628134
30,4.0,FBCCA,0.9874999999999999,77.7002637852763,4.319015336115792,0.020916500663351895
30,4.0,ImprovedTDCA,0.9874999999999999,77.5729515206993,3.90809264826283,0.013693063937629153
30,4.0,TDCA,0.9958333333333332,79.0769314553075,3.6857234399526266,0.010206207261596588
30,4.0,TriBranchTDCA,0.9958333333333332,79.0769314553075,3.9537101553646736,0.010206207261596588
31,4.0,CCA,1.0,79.82892142261159,4.12794441574007,0.0
31,4.0,FBCCA,1.0,79.82892142261159,4.9717845385276105,0.0
31,4.0,ImprovedTDCA,1.0,79.82892142261159,5.358959621808727,0.0
31,4.0,TDCA,0.9958333333333332,79.0769314553075,5.005578994340211,0.010206207261596588
31,4.0,TriBranchTDCA,1.0,79.82892142261159,5.377471870958185,0.0
32,4.0,CCA,1.0,79.82892142261159,3.7113474338069543,0.0
32,4.0,FBCCA,1.0,79.82892142261159,4.83153982720381,0.0
32,4.0,ImprovedTDCA,1.0,79.82892142261159,5.019546901125139,0.0
32,4.0,TDCA,1.0,79.82892142261159,4.16955828533933,0.0
32,4.0,TriBranchTDCA,1.0,79.82892142261159,4.8926117451451585,0.0
33,4.0,CCA,0.5833333333333334,32.570077817055534,1.0798787196500736,0.11254628677422751
33,4.0,FBCCA,0.8375,57.65067133998153,2.067139264753368,0.0684653196881458
33,4.0,ImprovedTDCA,0.9791666666666666,76.3235961152451,3.0298890222453765,0.024579802006254398
33,4.0,TDCA,0.9874999999999999,77.87712964637514,2.6933384348829463,0.030618621784789697
33,4.0,TriBranchTDCA,0.9874999999999999,77.87712964637514,2.86272023959687,0.030618621784789697
34,4.0,CCA,1.0,79.82892142261159,3.950467646698795,0.0
34,4.0,FBCCA,1.0,79.82892142261159,4.871324288307209,0.0
34,4.0,ImprovedTDCA,1.0,79.82892142261159,4.812860383406609,0.0
34,4.0,TDCA,0.9916666666666667,78.3249414880034,3.8732427619707166,0.012909944487358074
34,4.0,TriBranchTDCA,1.0,79.82892142261159,4.585992689310493,0.0
35,4.0,CCA,1.0,79.82892142261159,3.808511319469343,0.0
35,4.0,FBCCA,1.0,79.82892142261159,4.590742608624513,0.0
35,4.0,ImprovedTDCA,1.0,79.82892142261159,4.716905629709995,0.0
35,4.0,TDCA,0.9958333333333332,79.0769314553075,3.825261167760603,0.010206207261596557
35,4.0,TriBranchTDCA,1.0,79.82892142261159,4.475440091324831,0.0
